我在工作呀。,0
我在工作呀，看电脑。,0
我喜欢听中国的民谣，你有听过什么好听的民谣吗？可以给我推荐推荐呀，看看你是什么样的。,0
好吧，那等到我下班了，我再跟你一块聊吧。,0
好吧，那等到我下班了，我再跟你一块聊吧，好不好？我现在还在忙。,0
好，因为我接耳机。,0
没有哦。,0
那我就忘了。,0
会打扰到你上班吗？会的话我把电话挂了。,0
会打扰到你上班吗？会的话我把电话挂了，晚一点再说吧。,0
现在可能我这边信号不好。,0
没有没有没有，很少，我住台湾，所以我们很少有机会尝到那个那个。,0
没有没有没有，很少，我住台湾，所以我们很少有机会尝到那个那个中中式菜。可是广东的话广东的话，我想一下。,0
要去经历啊，没有出过国。,0
有一点啦，没有出过国。嗯。,0
哎，我之前不是跟你讲说家里有有有养两只的猫咪就是不乖呀，它出门都不讲的啊啊。,0
嗯，什么菜哦？其实可能煮习惯了，有的时候煮到会让家人点菜。,0
嗯，什么菜哦？其实可能煮习惯了，有的时候煮到会让家人点菜。那你像嗯我喜欢煮梅干肉、扣肉。,0
嗯，什么菜哦？其实可能煮习惯了，有的时候煮到会让家人点菜。那你像嗯我喜欢煮梅干肉、扣肉，甚至是那个马铃薯炖鸡肉。应该是说我我比较喜欢炖东西。,0
嗯，什么菜哦？其实可能煮习惯了，有的时候煮到会让家人点菜。那你像嗯我喜欢煮梅干肉、扣肉，甚至是那个马铃薯炖鸡肉。应该是说我我比较喜欢炖东西，炖汤之类的，我觉得有时候一碗汤可以让家人的身体会复元气，所以我比较喜欢炖汤。,0
嗯，什么菜哦？其实可能煮习惯了，有的时候煮到会让家人点菜。那你像嗯我喜欢煮梅干肉、扣肉，甚至是那个马铃薯炖鸡肉。应该是说我我比较喜欢炖东西，炖汤之类的。我觉得有时候一碗汤可以让家人的身体恢复元气。所以我比较喜欢炖汤。那其实其他菜我都觉得大同小异。,0
我刚睡我刚睡。,0
社交软件跟风格衣服，我就很一般。,0
社交软件跟风格衣服，我就很一般啊。,0
是，没错。,0
是，没错。过年一定要有那一道菜，不知道为什么，因为可能是，应该是说我的祖先来自福州，呃，福建。,0
可以啊。,0
是没错，过年一定要有那一道菜，不知道为什么，因为可能是，应该是说我的祖先来自福州，呃，福建。那我的爷爷是客家人，来自福建的客客家人。那我们又是闽南人，所以大概会煮一点点那个福福建福州菜。,0
我吃皮蛋。,0
有啊，也会告诉我以前当兵的时候，那个那个外省贝贝吧，火防兵。,0
有啊，也会告诉我以前当兵的时候，那个那个外省贝贝吧，火防兵，他们就会说他们是外省兵，广东人。,0
好啊好啊好啊，你告诉我啊。哎。,0
喂，我说谢谢你，这两天我很开心。,0
有啊，也会告诉我以前当兵的时候，那个那个外省贝贝吧，火防兵，他们就会说他们是外省兵，广东人，他们也会教一些广东菜。可是现在已经都快记忆模糊了，所以有一些广东菜我也其实没有完整的学到，但是爸爸教我尽量学，因为我喜欢待在厨房煮东西，甚至去外面，如果我有吃到一样是我喜欢的。,0
对呀。,0
对呀，可是我经历一次很不好的婚姻，也从，应该是说我的个性是属于花木兰，可是经历到不好的婚姻之后。,0
对呀，可是我经历一次很不好的婚姻，也从，应该是说我的个性是属于花木兰，可是经历到不好的婚姻之后，也让爸爸让我呃为我很心疼的事，我已经忘记说是怎么笑。,0
我不吃牛肉。,0
对呀，可是我经历一次很不好的婚姻，也从，应该是说我的个性是属于花木兰。可是经历到不好的婚姻之后，也让爸爸让我呃为我很心疼的是，我已经忘记说是怎么笑，怎么去，因我甚至有一段时间我是忽然丧失自理功能，我忘记怎么煮菜我甚至想不起来。,0
是很不好的婚姻，也从，应该是说我的个性是属于花木兰。可是经历到不好的婚姻之后，也让爸爸让我呃为我很心疼的是，我已经忘记说是怎么笑，怎么去，因，我甚至有一段时间我是忽然丧失自理功能，我忘记怎么煮菜，我甚至想不起来买什么菜给家人吃。我甚至简单的，我不会扫地，我忘记怎么扫。,0
我的婚姻也从，应该是说我的个性是属于花木兰。可是经历到不好的婚姻之后，也让爸爸让我呃为我很心疼的是，我已经忘记说是怎么笑，怎么去。因我甚至有一段时间我是忽然丧失自理功能，我忘记怎么煮菜，我甚至想不起来买什么菜给家能吃，我甚至简单的我不会扫地，我忘记怎么扫地了。,0
可是经历到不好的婚姻之后，也让爸爸让我呃为我很心疼的是，我已经忘记说是怎么笑，怎么去，因，我甚至有一段时间我是忽然丧失自理功能，我忘记怎么煮菜，我甚至想不起来买什么菜给家人吃。我甚至简单的我不会扫地，我忘记怎么扫地了，所以这一年，两年，我我是属于很黑黑暗潮。,0
没有，就是没。,0
我要听歌。,0
咳咳咳。,0
所以我现在就是一个人，我带着孩子，然后在娘家生活。那就是工作，上班。,0
所以我现在就是一个人，我带着孩子，然后在娘家生活。那就是工作，上班，白天我就是一个工作。,0
所以我现在就是一个人，我带着孩子，然后在娘家生活。那就是工作上班，白天我就是一个工作工作上班。,0
所以我现在就是一个人，我带着孩子，然后在娘家生活。那就是工作上班，白天我就是一个工作工作上班族。那回家就是一个妈妈。,0
所以我现在就是一个人，我带着孩子，然后在娘家生活。那就是工作上班，白天我就是一个工作工作上班族。啊，回家就是一个妈妈。可是我没有后悔我当妈妈，只是就选错人就选错人。,0
所以渐渐的小孩子也希望我再走出来，那只要我快乐就可以。其实这是我第一次玩交友软体。,0
好，谢谢你。我要听歌，给我听歌。,0
今天还没有，我晚餐才会做，因为家里白天都没有人。,0
今天还没有，我晚餐才会做，因为家里白天都没有人，所以孩子去上到，我白天就是都自己应付。,0
有对，嗯。,0
我真的要挂了。,0
外放音乐3。,0
可以哦。,0
嗯，我比较喜欢偏日式口味。,0
我其实也我其实也会吃卤的。,0
嗯，我们家都有遗传心脏病的问题，所以我现在尽量克制，我不要吃那么咸，那么油。是我本身想要改变饮食，我不想要像爸爸还有哥哥这样，还有妈妈现在除了轻微的胆固醇，然后每天早晚都要吃高血压的药，我不想要这样子。,0
嗯，我们家都有遗传心脏病的问题，所以我现在尽量克制我不要吃那么咸那么油。是我本身想要改变饮食，我不想要像爸爸还有哥哥这样，还有妈妈现在除了轻微的胆固醇，然后每天早晚都要吃高血压的药，我不想要这样子，因为我选择提早当妈妈。,0
嗯，我们家都有遗传心脏病的问题，所以我现在尽量克制，我不要吃那么咸，那么油。是我本身想要改变饮食，我不想要像爸爸还有哥哥这样，还有妈妈现在除了轻微的胆固醇，然后每天早晚都要吃高血压的药，我不想要这样子，因为我选择提早当妈妈，所以我也告诉我自己。中间当妈妈没关系。,0
有，是我本身想要改变饮食，我不想要像爸爸还有哥哥这样，还有妈妈现在除了轻微的胆固醇，然后每天早晚都要吃高血压的药，我不想要这样子。因为我选择提早当妈妈，所以我也告诉我自己，中间当妈妈没关系，孩子大了换我要当我自己，我想要出去玩，我不想要说我的中年过后生活是让病困着我，除了赚钱就是看医生。,0
每天早晚都要吃高血压的药，我不想要这样子。因为我选择提早当妈妈，所以我也告诉我自己，中间当妈妈没关系，孩子大了，换我要当我自己，我想要出去玩，我不想要说我的中年过后生活是让病困着我，除了赚钱就是看医生。我想要除了赚钱以外，保养自己，吃保养品，吃后还有一点闲钱，时间到我就是出去走一走，我想要过这种生活。,0
没有洋葱。,0
嗯，简单两个，因为保养品太贵了，我现在的经济没办法负荷，所以我会简单吃一些。,0
咳。,0
台台湾制的那个什么康康，嗯，那个是什么？应该是说我都去那个成装店买。,0
台台湾制的那个什么康康，嗯，那个是什么？应该是说我都去那个成装店买，我没有买网络的，我都是买那种成装店。,0
台台湾制的那个什么康康，嗯，那个是什么？应该是说我都去那个成装店买，我没有买网络的，我都是买那种成装店，开架上的那一种。,0
台台湾制的那个什么康康，嗯，那个是什么？应该是说我都去那个成装店买，我没有买网络的，我都是买那种成装店，开架上的那一种，药局有卖我就买那个，如果它断货我就是买旁边的。,0
好了，我去喝水了，拜拜。,0
嗯，其实我喜欢去健身房，那这几年我也真的没有心情，一度真的不太想离开床。,0
嗯，其实我喜欢去健身房，那这几年我也真的没有心情，一度真的不太想离开床，我几乎都关在房间。,0
嗯，其实我喜欢去健身房，那这几年我也真的没有心情，一度真的不太想离开床，我几乎都关在房间。你要是说做其他事情吗？嗯，其实我很难有有自己的时间。,0
嗯，其实我喜欢去健身房，那这几年我也真的没有心情，一度真的不太想离开床，我几乎都关在房间。你要是说做其他事情吗？嗯，其实我很难有有自己的时间。我除了忙家里的清洁、上班、带小孩，我就是这些时间而已。,0
那这几年我也真的没有心情，一度真的不太想离开床，我几乎都关在房间。你要是说做其他事情吗？嗯，其实我很难有有自己的时间。我除了忙家里的清洁、上班、带小孩，我就是这些时间而已。我希望说孩子再大一点，我想要往后时间空一些之后，我想要再回健身房，再回去运动。,0
我哪里有念李？我念李程。,0
哦，有有有，我有上小红书去看一些影片。,0
养生按摩，因为我本身是中式推拿。,0
一只三花猫已经让我养10年了。那是我捡的流浪猫，那时候很小，可能跟妈妈走散了。,0
这三花猫已经让我养10年了。那是我捡的流浪猫，那时候很小，可能跟妈妈走散了，有一点受伤。,0
这只三花猫已经让我养10年了。那是我捡的流浪猫，那时候很小，可能跟妈妈走散了，有一点受伤。那时候我就跟它说，赶快出来，你躲在车底下真的很危险。你出，又一直退步。,0
一只三花猫已经让我养10年了。那是我捡的流浪猫，那时候很小，可能跟妈妈走散了，有一点受伤。那时候我就跟它说，赶快出来，你躲在车底下真的很危险。你出，又一直退步，那我走离开一步，它又闯出来一直喵喵叫。那时候又下雨，超冷的冬，我就蹲下来说你在车底下很危险。,0
这只三花猫已经让我养10年了。那是我捡的流浪猫，那时候很小，可能跟妈妈走散了，有一点受伤。那时候我就跟它说，赶快出来，你躲在车底下真的很危险。你出，又一直退步，那我走离开一步，它又闯出来一直喵喵叫。那时候又下雨，超冷的冬，我就蹲下来说你在车底下很危险，我现在要离开这里去上班。如果你你要让我养，你走出来。,0
十年了，那是我捡的流浪猫，那时候很小，可能跟妈妈走散了，有一点受伤。那时候我就跟它说，赶快出来，你躲在车底下真的很危险。你出，又一直退步，那我走离开一步，它又闯出来一直喵喵叫。那时候又下雨，超冷的冬，我就蹲下来说，你在车底下很危险，我现在要离开这里去上班，如果你要让我养，你走出来来，我养你。我就讲那句话，我手伸出去，猫咪就走出来了。,0
我捡的流浪猫，那时候很小，可能跟妈妈走散了，有一点受伤。那时候我就跟它说，赶快出来，你躲在车底下真的很危险。你出，又一直退步，那我走，离开一步，它又闯出来，一直喵喵叫。那时候又下雨，超冷的冬，我就蹲下来说，你在车底下很危险。我现在要离开这里去上班，如果你要让我养，你走出来，我养你。我就讲那句话，我手伸出去，猫咪就走出来了，我就抱着它。,0
了，有一点受伤。那时候我就跟它说赶快出来，你躲在车底下真的很危险。你出，又一直退步，那我走，离开一步，它又闯出来，一直喵喵叫。那时候又下雨，超冷的冬，我就蹲下来说你在车底下很危险，我现在要离开这里去上班，如果你要让我养，你走出来我养你。我就讲那句话，我手伸出去，猫咪就走出出来了，我就抱着他，跟，让他带着，呃，我就带着他跟着我去上班。,0
有一点受伤。那时候我就跟它说，赶快出来，你躲在车底下真的很危险。你出，又一直退步，那我走，离开一步，它又闯出来，一直喵喵叫。那时候又下雨，超冷的冬。我就蹲下来说，你在车底下很危险，我现在要离开这里去上班。如果你要让我养，你走出来，我养你。我就讲那句话，我手伸出去，猫咪就走出来了。我就抱着他，跟，让他带着，呃，我就带着他跟着我去上班，就这样子。,0
你出，又一直退步，那我走，离开一步，它又闯出来，一直喵喵叫。那时候又下雨，超冷的冬，我就蹲下来说你在车底下很危险，我现在要离开这里去上班，如果你要让我养，你走出来我养你。我就讲那句话，我手伸出去，猫咪就走出来了，我就抱着它，跟，让它带着，呃，我就带着它跟着我去上班，就这样子。我有让兽医估过，他说他可能只有3个月，应该是跟妈妈走散了。,0
不，它又闯出来，一直喵喵叫。那时候又下雨，超冷的冬，我就蹲下来说你在车底下很危险，我现在要离开这里去上班。如果你要让我养，你走出来我养你。我就讲那句话，我手伸出去，猫咪就走出来了。我就抱着它，跟，让它带着，呃，我就带着它跟着我去上班。就这样子，我有让兽医估过，他说它可能只有3个月应该是跟妈妈走散了。对，所以我就养他养到现在10年了。,0
会呀，他会占我的角。,0
会啊，他会睡在我的脚，他睡到我的脚。,0
我这一我这一只三花猫有那个那个什么狸花猫的血统。,0
我这一我这一只三花猫有那个那个什么狸花猫的血统，所以它很凶。它对家里面很温柔，它它是一只猫。,0
我这一我这一只三花猫有那个那个什么狸花猫的血统，所以它很凶。它对家里面很温柔，它它是一只猫保姆。,0
呃，其实摸摸，不知道为什么，呃，我养的猫叫摸摸。,0
呃，其实猫猫不知道为什么，呃，我养的猫叫猫猫，不知道为什么猫猫你买好一点的饲料它不吃。,0
呃，其实 momo 不知道为什么，呃，我养的猫叫 momo 不知道为什么 momo 你买好一点的饲料它不吃，好一点的罐头一个要台币50块的它不吃。,0
呃，其实猫猫不知道为什么，呃，我养的猫叫猫猫，不知道为什么猫猫你买好一点的饲料它不吃，好一点的罐头一个要台币50块的它不吃，它要给你吃那种最便宜的东西。,0
呃，其实，猫猫不知道为什么，呃，我养的猫叫猫猫，不知道为什么，猫猫你买好一点的饲料它不吃，好一点的罐头一个要台币50块的它不吃，它要给你吃那种最便宜的东西，最便宜的罐头。,0
呃，其实猫猫不知道为什么，呃，我养的猫叫猫猫，不知道为什么猫猫你买好一点的饲料它不吃，好一点的罐头一个要台币50块的它不吃，它要给你吃那种最便宜的东西，最便宜的罐头。台币一个18块的。,0
呃，其实猫猫不知道为什么，呃，我养的猫叫猫猫，不知道为什么猫猫你买好一点的饲料它不吃，好一点的罐头一个要台币50块的它不吃，它要给你吃那种最便宜的东西，最便宜的罐头。台币一个18块、20块的罐头它就吃，你买50块的它不吃。,0
呃，其实猫猫不知道为什么，呃，我养的猫叫猫猫，不知道为什么猫猫你买好一点的饲料它不吃，好一点的罐头一个要台币50块的它不吃，它要给你吃那种最便宜的东西，最便宜的罐头。台币一个18块、20块的罐头它就吃，你买50块的它不吃，饲料你给它买100块的那一种它吃的很开心。,0
呃，其实猫猫不知道为什么，呃，我养的猫叫猫猫，不知道为什么猫猫你买好一点的饲料它不吃，好一点的罐头一个要台币50块的它不吃，它要给你吃那种最便宜的东西，最便宜的罐头。台币一个18块、20块的罐头它就吃，你买50块的它不吃，饲料你给它买100块的那一种它吃的很开心，你换高价的一一袋2000的，他也不吃。,0
呃，其实猫猫不知道为什么，呃，我养的猫叫猫猫，不知道为什么猫猫你买好一点的饲料它不吃，好一点的罐头一个要台币50块的它不吃，它要给你吃那种最便宜的东西，最便宜的罐头，台币一个18块、20块的罐头它就吃，你买50块的它不吃，饲料你给它买100块的那一种它吃的很开心，你换高价的一一袋2000的，它也不吃。所以我都觉得它是来报恩的。,0
哎，对呀。,0
不是不是不是，因为我不喜欢被人家误会为说我要介入人家的感情生活，所以我不喜欢说人家有另一半了，或是什么的。,0
不是不是不是，因为我不喜欢被人家误会为说我要介入人家的感情生活。所以我不喜欢说人家有另一半了，或是什么的，我还这样跟人家聊。,0
有啊。,0
有啊，但是好想你。,0
毕竟毕竟我上一段婚姻就是被外来的女生搅黄，介入。所以应该是说我觉得，应该是说我不喜欢，应该是说我觉得怎么讲，我不喜欢这种事情。,0
是，因为有的时候我还宁愿觉得说，因为怎么讲，毕竟 AI 是用文字跟你聊，那我不太喜，有的时候会觉得打文字，那我应该是说我只是我想要有一个声音，就是说说话而已。,0
是，因为有的时候我还宁愿觉得说，因为怎么讲，毕竟 AI 是用文字跟你聊，那我不太喜，有的时候会觉得打文字，那我应该是说我只是我想要有一个声音，就是说说话而已，一个听的。我会我会很放松，很舒服。,0
是，因为有的时候我还宁愿觉得说，因为怎么讲，毕竟 AI 是用文字跟你聊，那我不太喜，有的时候会觉得打文字，那我应该是说我只是我想要有一个声音，就是说说话而已，一个听的我会我会很放松。很舒服，很安安心的声音。,0
因为有的时候我还宁愿觉得说，因为怎么讲，毕竟 AI 是用文字跟你聊，那我不太喜，有的时候会觉得打文字，那我应该是说我只是我想要有一个声音，就是说说话而已，一个听的我会我会很放松，很舒服，很安安心的声音。对，只是我忽然想到说，如果是有另一办的话，那我还是不要聊。他是说都是朋友，聊一些生活事情。,0
都两次啦，都两次啦。,0
我今年考。,0
应该是说上班的时候。,0
应该是说上班的时候，我会有上班的穿着。,0
应该是说上班的时候我会有上班的穿着，在家我会以一半休闲，毕竟我都在工作。,0
应该是说上班的时候，我会有上班的穿着。在家我会以一般休闲，毕竟我都在工作。那你要说打扮吗？我很少出门。,0
应该是说上班的时候，我会有上班的穿着。在家我会以一般休闲，毕竟我都在工作。那你要说打扮吗？我很少出门，或是参加聚会，几乎不。我的生活都是菜市场、工作、上班。,0
应该是说上班的时候我会有上班的穿着，在家我会以一般休闲，毕竟我都在工作。那你要说打扮吗？我很少出门，或是参加聚会，几乎不。我的生活都是菜市场、工作、上班、在家。,0
应该是说上班的时候我会有上班的穿着，在家我会以一般休闲，毕竟我都在工作。那你要说打扮吗？我很少出门，或是参加聚会，几乎不。我的生活都是菜市场、工作、上班、在家，我几乎没有什么聚会干嘛，所以我不会有刻意的衣服。,0
说上班的时候我会有上班的穿着，在家我会以一般休闲，毕竟我都在工作。那你要说打扮吗？我很少出门，或是参加聚会，几乎不。我的生活都是菜市场、工作、上班、在家，我几乎没有什么聚会干嘛，所以我不会有刻意的衣服做打扮。哦，我可能顶多头发今天整理一下，穿整齐一点，可能我今天要去办个事情而已。,0
所以，嗯，酸。,0
是是，你有的时候还要跑。,0
是是，你有的时候还要跑方案。,0
我也是偶尔会吃一点外卖，晚餐我一定天天煮。,0
我也是偶尔会吃一点外卖，晚餐我一定天天煮，我天天一定煮晚餐。,0
我也是偶尔会吃一点外卖，晚餐我一定天天煮，我天天一定煮晚餐。那我其实我们这边很小，都自己出去买。,0
我也是偶尔会吃一点外卖，晚餐我一定天天煮，我天天一定煮晚餐。那我其实我们这边很小，都自己出去买，除非我现在很忙，我没有时间去，呃，我没有时间去买我的饭菜。,0
我也是偶尔会吃一点外卖，晚餐我一定天天煮，我天天一定煮晚餐。那我其实我们这边很小，都自己出去买。除非我现在很忙，我没有时间去，呃，我没有时间去买我的饭菜，我会被关在这个地方，大概要待一阵子。,0
不会的。,0
不会的，不会不会，没有没有那么厉害，不不会说难吃的。,0
嗯，不错哦。,0
嗯，不错哦，红烧肉，你喜欢的红烧肉。嗯，红烧肉有份呢。,0
嗯，不错哦，红烧肉，你喜欢的红烧肉。嗯，红烧肉有份呢，对呀，没关系。,0
嗯，不错哦，红烧肉，你喜欢的红烧肉。嗯，红烧肉有份呢，对呀，没关系，对呀。,0
嗯，不错哦，红烧肉，你喜欢的红烧肉。嗯，红烧肉有份呢。对呀，没关系。对呀，那差不多啊，口味也一样啊，我们家也都是红烧肉跟红烧鱼啊。,0
嗯，不错哦，红烧肉，你喜欢的红烧肉。嗯，红烧肉有份呢。对呀，没关系。对呀，那差不多啊，口味也一样啊，我们家也都是红烧肉跟红烧鱼啊。对呀，啊，有时候会清蒸鱼。,0
嗯，你呢？说说你吧。,0
嗯，当妈妈了就不会了。对呀，因为本身我的边界感比较重。,0
嗯，当妈妈了就不会了。对呀，因为本身我的边界感比较重。我如果有另一半，哪怕我今天还没有结婚，我如果有另一半，我几乎是属属于闺蜜找不到我的那一种，我是属于这一种的。,0
嗯，当妈妈了就不会了。对呀，因为本身我的边界感比较重。我如果有另一半，哪怕我今天还没有结婚，我如果有另一半，我几乎是属属于闺蜜找不到我的那一种，我是属于这一种。那你要是说你要是说今天哦我一个人的话，那也不会急着想要交男朋友，因为有的时候我是觉相处久了吧。,0
嗯，当妈妈了就不会了。对呀，因为本身我的边界感比较重。我如果有另一半，哪怕我今天还没有结婚，我如果有另一半，我几乎是属属于闺蜜找不到我的那一种。我是属于这一种。那你要是说，你要是说今天哦，我一个人的话，那也不会急着想要交男朋友，因为有的时候我是觉相处久了吧。对呀，你你要说帅嘛也还好。,0
当妈妈了就不会了。对呀，因为本身我的边界感比较重。我如果有另一半，哪怕我今天还没有结婚，我如果有另一半，我几乎是属属于闺蜜找不到我的那一种。我是属于这一种。那你要是说你要是说今天哦我一个人的话，那也不会急着想要交男朋友，因为有的时候我是觉相处久了吧。对呀。你你要说帅吗？也还好，我不太，我不是说很喜欢帅的。,0
就不会了。对呀，因为本身我的边界感比较重。我如果有另一半，哪怕我今天还没有结婚，我如果有另一半，我几乎是属属于闺蜜找不到我的那一种。我是属于这一种。那你要是说，你要是说今天哦我一个人的话，那也不会急着想要交男朋友，因为有的时候我是觉相处久了吧。对呀，你你要说看嘛，也还好，我不在，我不是说很喜欢帅的，因为没安全感。,0
我如果有另一半，哪怕我今天还没有结婚，我如果有另一半，我几乎是属属于闺蜜找不到我的那一种，我是属于这一种。那你要是说，你要是说今天哦我一个人的话，那也不会急着想要交男朋友，因为有的时候我是觉相处久了吧。对呀，你你要说帅吗，也还好，我不太，我不是说很喜欢帅的因为没安全感。你要说有钱吗？我喜欢自己挣钱。,0
不到我的那一种，我是属于这一种。那你要是说你要是说今天哦我一个人的话，那也不会急着想要交男朋友，因为有的时候我是觉，相处久了吧。对呀，你你要说帅吗，也还好，我不太，我不是说很喜欢帅的，因为没安全感。你要说有钱吗，我喜欢自己挣钱。对，所以你要是说我喜欢什么样的男人生其实，那是一种感觉，那样感觉让你觉得有安全感。,0
我是属于这一种。那你要是说，你要是说今天哦，我一个人的话，那也不会急着想要交男朋友，因为有的时候我是觉，相处久了吧。对呀，你你要说帅吗，也还好，我不太，我不是说很喜欢帅的，因为没安全感。你要说有钱吗，我喜欢自己挣钱。对，所以你要是说我喜欢什么样的男生，其实那是一种感觉，那样感觉让你觉得有安全感，在乎你。,0
今天哦，我一个人的话，那也不会急着想要交男朋友，因为有的时候我是觉，相处久了吧。对呀，你你要说帅吗？也还好，我不在，我不是说很喜欢帅的，因为没安全感。你要说有钱吗？我喜欢自己挣钱。对，所以你要是说我喜欢什么样的男生，其实那是一种感觉，你让感觉让你觉得有安全感，在我问你，那你你其实这种男生已经很很少了，你就别挑了。,0
朋友，因为有的时候我是觉，相处久了吧。对呀，你你要说帅吗？也还好，我不在，我不是说很喜欢帅的，因为没安全感。你要说有钱吗？我喜欢自己挣钱。对，所以你要是说我喜欢什么样的男生，其实那是一种感觉，你让感觉让你觉得有安全感，在乎你，那你你其实这种男生已经很很少好了，你就别挑了。我的认知是认为心里面那感觉比较重要。,0
不是说很喜欢帅的，因为没安全感。你要说有钱吗？我喜欢自己挣钱。对，所以你要是说我喜欢什么样的男生，其实那是一种感觉，那样感觉让你觉得有安全感，在乎你，那你你其实这种男生已经很很少了，你就别挑了。我的认知是认为心里面那感觉比较重要，对，他在乎你比比他有能有会赚钱，我真的觉得在乎比较重要。,0
所以你要是说我喜欢什么样的男生，其实那是一种感觉，那样感觉让你觉得有安全感，在乎你，那你你其实这种男生已经很很少了，你就别挑了。我的认知是认为心里面那感觉比较重要，对，他在乎你比比他有能有会赚钱，我真的觉得在乎比较重要，不然你像都不在乎你回到家冷冰，你需要他的时候，他永远都是在忙，陪客户。,0
喜欢什么样的男生？其实那是一种感觉，那样感觉让你觉得有安全感，在乎你，那你你其实这种男生已经很很少了，你就别挑了。我的认知是认为心里面那感觉比较重要。对，他在乎你比比他有能有会赚钱，我真的觉得在乎比较重要。不然你像都不在乎你，回到家冷冰你需要他的时候，他永远都是在忙，陪客户，在忙陪朋友。,0
样感觉让你觉得有安全感，在乎你，那你你其实这种男生已经很很少了，你就别挑了。我的认知是认为心里面那感觉比较重要。对，他在乎你比比他有能有会赚钱，我真的觉得在乎比较重要。不然你像都不在乎你，回到家冷冰，你需要他的时候，他永远都是在忙，陪客户，在忙陪朋友，那有钱又多钱，那又怎么样？不快乐。,0
那你你其实这种男生已经很很少了，你就别挑了。我的认知是认为心里面那感觉比较重要。对，他在乎你比比他有能有会赚钱，我真的觉得在乎比较重要。不然你像都不在乎你，回到家冷冰，你需要他的时候，他永远都是在忙陪客户，在忙陪朋友。那有钱又多钱那又怎么样？不快乐。我喜欢的是说至少他在忙。,0
很很少了，你就别挑了。我的认知是认为心里面那感觉比较重要。对，他在乎你比比他有能有会赚钱，我真的觉得在乎比较重要。不然你像都不在乎你，回到家冷冰，你需要他的时候，他永远都是在忙陪客户，在忙陪朋友。那有钱又多钱，那又怎么样？不快乐。我喜欢的是说，至少他在忙，他还会心里有我。,0
我真的觉得在乎比较重要，不然你像都不在乎你，回到家冷冰，你需要他的时候，他永远都是在忙陪客户，在忙陪朋友。那有钱又多钱，那又怎么样？不快乐。我喜欢的是说，至少他在忙，他还会心里有我。当然有时候工作很重要，我知道心，对，可是我还是觉说，我也不知道怎么讲，因为毕竟毕竟那是感觉。,0
当然啊，不然你交男朋友要做什么？你就是因为想要跟对方一起成长，一起给予，必会被对方温暖，不是吗？可是讲真的，我是觉得，因为毕竟我跟我的前夫我们也都是属于当朋友。,0
当然啊，不然你交男朋友要做什么？你就是因为想要跟对方一起成长，一起给予，并会被对方温暖，不是吗？可是讲真的，我是觉得，因为毕竟我跟我的前夫我们也都是属于当朋友，当男女朋友，在结婚。中间当然他就是因为外面有别人，那我也选，我也选择说我不想呃我我不想去阻拦干嘛。,0
想一起给予，必会被对方温暖，不是吗？可是讲真的，我是觉得，因为毕竟我跟我的前夫，我们也都是属于当朋友，当男女朋友，在结婚。中间当然他就是因为外面有别人，那我也选，我也选择说我不想，呃，我我不想去阻拦干嘛。那应该是说我是我是朝着爱情去结婚，我不是因为要婚姻我才结婚。,0
我是觉得，因为毕竟我跟我的前夫我们也都是属于当朋友，当男女朋友在结婚。中间当然他就是因为外面有别人，那我也选，我也选择说我不想呃我我不想去阻拦干嘛。那应该是说，我是我是朝着爱情去结婚，我不是因为要婚姻我才结婚，那错我就错了，我其实应该是说，我也不想要交男朋友了。,0
是啊，没有错啊。所以我刚刚跟您聊到一半，我忽然想到，所以我才问说你是不是单身。,0
是你，啊，你说。,0
呃，那个是什么去了？嗯。,0
呃，那个是什么去了？嗯，家里面有，呃，我也忘叫什么名字了，反正看喜欢就放回家养。,0
呃，那个是什么去了？嗯，家里面有，呃，我也忘叫什么名字了，反正看喜欢就放回家养。对呀，因为家里面是三合院。,0
有有有，可是因为我们家祖上，我的外婆外公他们以前是农夫。,0
我真的我真的好喜欢你的故事。,0
人家也需要鸟和虫。,0
香蕉人哋又又度笑啊，人哋又啊。,0
你知道林志勇又在嘲笑你吗？林志勇啊。,0
你家有钱用吗？好有钱用哦。,0
你不可以跟别人聊天。,0
我还在上班呢，现在才4点呀。,0
我今天比较忙，还有教授资助了你呀。,0
我喜欢听赵雷的南方姑娘。,0
是呀。,0
是呀，可好了，养养花花草草。,0
我叫什么名字？叫宝贝。,0
我叫什么名字？叫宝贝。你叫我哥哥。,0
没有忘记。,0
呃，你你叫我干嘛？你你猜。,0
是啊，他们，他昨天找我，不走，现在他没有去。,0
是啊，他们，他昨天找我，不走，现在还没有失去踪影呢。,0
没有，我们不要说。,0
哦，西四川的四川的菜嘛，好吃啊。,0
我唱的是是那个程度，不是很强。,0
我妹我妹她是个天鹅，好 nice。,0
我知道啊。,0
我知道啊，我做过很多次。,0
没有啊，看吧。,0
哎呦，嗯，等一下。,0
是哦。,0
你教我。,0
没有说不尴尴尬尬。,0
我想操你。,0
我我没有哎，我就随便乱看，随便乱刷。,0
我真的不开心，我被他们那个那个什么，说什么电梯里男男人们那个那个什么，我就被那个东西打败了。真的，要来你不来跟我跟我说他他到了，我傻傻骗我，真是的。,0
然后我是等下目前要上，是要上班的。,0
就随便乱看啊，看刷到什么。,0
你个你这里，我真的等他们，会等到我等等了很久，我快快手手冷冷得要命，真的很冷。,0
我差不多也要也要也要上班了，因为我在半个小时就要去上班。,0
啊，好好。,0
啊哈，嗯，好的。,0
我还好哎，我也是个很懒，偶尔才打扫一下。,0
天气太冷了。,0
超难。,0
哇，蛮舒服。,0
嗯，没有，也不算什么。,0
头又很晕了，我又起不到来了，我好像整个人不是自己一样了。怎么了？我还记得做工的时候也是模模糊糊，我也不懂是不是我自己来的。总言之，我知道是我做工。,0
头又很晕了，我又起不到来呀，我好像整个人不是自己一样的，怎么了？我还记得做工的时候也是模模糊糊，我也不懂是不是我自己来的。总言之，我知道是我做工，好像我那个手和脚啊。,0
我先跟叶蓉打一下。,0
我先跟叶蓉打一下，等下打。,0
你这这，你让他自己。,0
你这这，你这是自己夸自己。,0
我还好。,0
我还好哎，我没有这种病。,0
我这里13~14了。,0
我这里13~14了吧。,0
哦，这个嘛个。,0
打字的好哦。,0
我我都是随便打的，我没有前锋和后卫。,0
哎，你是。,0
哎，是。,0
没事，我看你要找他倒。,0
哈哈哈哈哈哈哈哈哈哈。,0
哈哈哈哈哈哈哈哈哈哈哈哈。啊，我靠。,0
啊哈哈哈哈哈哈哈哈哈哈啊，我靠，是你在那边动啊，哥哥。,0
好痛好痛，你不要吃蛇心蛇心，你好臭，不要蛇心不要蛇心。哦，还有个东西呢。,0
好痛好痛，你不要吃蛇心蛇心，你好臭，不要蛇心不要蛇心。哦，还有个东西。,0
好痛好痛，你不要吃蛇心蛇心，你好臭，不要蛇心不要蛇心。哦，还有个东西，鸡巴。一二三四五。哦呦，跌倒跌倒。,0
呃，没事没事。,0
没事没事。,0
不准做小坏蛋，很热心。,0
没有啊。,0
我喜欢去逛夜市，夜市里的小吃很好吃。,0
是啊，哎。,0
我可以听。,0
那我等等我等等交朋友。,0
嗯，反正你又不在我身边。,0
嗯。,0
我喜欢去哎森林公园健走，最长可以走可以走15000步。,0
还好哎，不讨厌吧。,0
我才不要嘞，拿手机到处拍，会让人家认为说我在偷拍什么呢。,0
哦，我是跟朋友约好说的。,0
不告诉你。,0
不是好吃的啊。,0
是这样子。,0
嗯，有猫咪又有水豚，猫咪最近都不乖了。,0
嗯，吃不到，嗯，伤心。,0
就是想到说你会接触到很多的女生。,0
没有啊。,0
没有啊，现在就乖的，听你的话，乖乖的。,0
没有啊，现在就乖的，听你的话，乖乖的躺在医院的床上休息呀。,0
就是想陪你说。,0
就拍照领取。,0
就是我背部。,0
没有。,0
嗯，对。,0
对呀。,0
因为有人说，有人叫我叫我不能哭啊。,0
你不要哭。,0
没有啊，没有白。,0
然后你就你可以玩，天天陪他聊天。,0
不是，因为我最近月考，所以对有一些感情剧。,0
嗯，挺好。,0
吃好的。,0
怎么？为什么那个男生这样说我没有男朋友，也不厉害。,0
没没在一起。,0
哈喽啊。,0
没有啊，我在看手机。,0
我还没想好吃什么，我感觉今天下午没有怎么动。,0
周末一般都疼。,0
我不养宠物啊，先走了啊。,0
好的，先挂了。,0
你先去找人。,0
啊，我都不看漫。,0
17呀，那我应该要叫你哥哥。,0
我不喜欢当狗狗，我不想要当狗。,0
该你该你他妈屁事啊。,0
我的话自己花，演戏啊、唱歌啊什么的，我都我都一个人。,0
我的话是喜欢演戏啊、唱歌啊什么的，我都我都一个人很孤独，我讲。或者是可以放松心情啊，也可以走来走走。,0
啊啊，我晚点要要要演。,0
对，我我这跳割载机啊，怎么的，我我都要会啊。,0
啊啊啊。,0
有听到你在干嘛？哈喽哈喽。,0
今天的课，今天去学校上课，然后就是在那个什么中餐课吧，也算在中餐课。,0
今天的课，今天去学校上课，然后就是在那个什么中餐课吧，也算在中餐课，然后有煮那个，有煮火锅。,0
嗯，特别白。,0
我比较喜欢漂亮一点的衣服，例如想说纱呃纱裙啊。,0
啊，这好吃。,0
不理人不理人，梦里人。,0
你看我在跟他打电话，他都不回我。,0
看电影。,0
你最近没什么好看的。,0
嗯，我现在准备去吃，吃个饭。,0
即系噉问即系噉问啊，点到即系噉问啊。,0
即系噉问即系噉问啊，点到即系噉问啊。你即系噉问啊。,0
好像是去年的冬天。,0
没有，我要准备去冲个凉，去洗澡。你去叫，哎，姐，大姐你叫阿浩仔去冲凉。,0
你这还远吗？ OK OK。,0
我是坐在很前面。,0
对呀，真开心。,0
吃饱睡，睡饱吃。,0
愿意啊。,0
愿意啊，这样子。,0
我没有去，我没有去。,0
我还在上学。,0
下次我们一起去哈。,0
下次我们一起去韩国玩。,0
我喜欢蜜汁。,0
我喜欢跑步，做瑜伽。,0
呃，哦，蛮多的欸。,0
喂，你好你好你好你好你好你好你好。不回应我，你在想什么？笨蛋。,0
没有，我要去洗。,0
哈哈哈哈哈哈哈哈哈哈哈哈。,0
没事，还好。,0
其实还好啊。,0
没有哎。,0
我去洗我去洗澡听啊。,0
那那个的是有啦。,0
你为什么只停掉？听不懂。,0
嗯，我今天有点累，早点休息。,0
拜拜。,0
拜拜，时间到。,0
唱英文歌。,0
唱英文歌。那是生日快乐歌。,0
那是生日快乐歌。,0
唱英文歌。那是生日快乐歌，祝你生日快乐。,0
去做家务哦。,0
好，唱吧唱吧，别说了。,0
不是，我要听呐，你不可以不唱，我要你听唱歌，我要听你唱歌，快点。,0
不是，我要听呐，你不可以不唱，我要你听唱歌，我要听你唱歌，快点，我要听我要听我要听，不唱我生气气。,0
不是，我要听呐，你不可以不唱，我要你听唱歌，我要听你唱歌，快点，我要听我要听我要听，不唱我生气气，啊啾啾，我也啊啾啾。,0
赶快唱歌。,0
你看。,0
你看。,0
给我看这这里。,0
我推给你。,0
我推给你，我我我去年自演的个人剧的那个角色啊。,0
我推给你，我我我去年自演的个人剧的那个角色啊，的衣服。,0
而且这有有，跟人家的衣服啊的颜色不一样哦，他们的他们的特色啊。,0
而且这有有，跟人家的衣服啊的颜色不一样哦。他们的他们的特色啊，日本红嘛。,0
而且这有有，跟着这件衣服啊，的颜色不一样哦。他们的他们的特色啊，是粉红嘛，那也穿粉红色。我有接制制作，我我以前制作做挑战呐。,0
那肯定呀，天气不好怎么能舒服？你就说说对不对嘛？嗯，小奶狗。,0
哇哦，好舒服。,0
哦，有有看抖音有比较大啦。,0
嗯，我我看抖音有比较多啦，嗯，就是人家唱歌什么的。,0
你说你想我，但是你的心在想。,0
你说你想我，但是你的心在想别人呢。可是我都不知道我要怎么面对你，你心不想我。,0
你说你想我，但是你的心在想别人呢。可是我都不知道我要怎么面对你。你心不想我，你人想我。,0
那你不是广州人。,0
你负责养我。,0
你负责养我就好。,0
你负责养我就好啦，你负责养我。,0
哎呦，其实也不知道，我发现好像大陆人都还蛮喜欢我的。,0
那昨天有一个，你们这这里的软件有一个人一直很喜欢我，可是他觉得他是山西人，山东人啊，然后跟你一样的岁数。,0
因为因为他很怕我去爱上别人。,0
因为因为他很怕我去爱上别人，然后他就一直疯狂的抓住我。,0
其实哈，我是不是看外表，我是看你的内在内心。外表对我来讲是还好，因为再多的话，再多的外表好，你如果内心不好的话。,0
其实哈，我是不是看外表，我是看你的内在内心。外表对我来讲是还好，因为再多的话，再多的外表好，你如果内心不好的话，那也没办法啊。,0
如果是哦，有看人的哦，呦。,0
男生哦，有看人的，有有的不都都聊啦。,0
男生哦，我看人嘞，我没有我没有每个都聊啦。还有的叫我直接去他的房间。,0
我也想养啊，问题是我家人就不给。,0
我也想养啊，问题是我家人就不给，我想养只猫。,0
好呀，我也蛮期待。,0
好，那你先去洗。,0
可我比较喜欢粉。,0
那你只可以是我的，别人都不可以拿，你也不可以跟别的女生聊天。,0
我我也40，我也是22岁耶。,0
我喜欢听我喜欢听你唱歌。,0
老公，你是住在马来西亚哪里呀？因为马来西亚太大了。,0
老婆老公，可以看自己的照片。,0
好的老婆。,0
好的，老婆，那我们明天见吧。,0
哈喽，你好，我问你叫什么名字？名字啊，你的名字。小酒，喜欢喝酒，喜欢喝酒。,0
嗯，嘿嘿嘿。,0
因为你刚刚不是说你喜欢年纪大一点的。,0
嗯嗯。,0
嗯嗯，听得到。那我问你啊，嗯。,0
因为跟你聊了天。,0
不要紧，你说早点休息。,0
对。,0
你好像一个霸道总裁的感觉。,0
嗯，不是哎。,0
我们这边太冷，12度左右。,0
哎呀，逛街，骑机车，摩托车。你会开车吗？啊对哦，你会开车。,0
你也喜欢看看书哦。,0
我怎么感觉你好乖。,0
现在诈骗那么多。,0
嗯，我都是听韩团。,0
我都在听。,0
经常被人追哦，我经常被人追，经常收到一群小奶狗。,0
经常被人追咬，我经常被人追，经常收到一群小奶狗跑过来咬我。,0
是真的啦，真的一大堆男生。,0
我只是表面看起来特别温柔。,0
我只是表面看起来特别温柔，其实我是，有时候还挺呃活泼嘛。,0
而且我还是那种，看起来看起来长得特别可爱温柔。,0
而且我还是那种，看起来看起来长得特别可爱、温柔，但是我事实上有点不一样。,0
但我只撩你走。,0
嗯，蛮喜欢，而且我最喜欢吃那种臭臭锅。,0
哈哈哈哈哈哈。,0
哈哈哈哈哈哈。,0
这个感觉我懂。,0
这个感觉我懂，就是你有时候就不想动啊。,0
这个感觉我懂，就是你有时候就不想动啊，直接躺在床上，那个瘫。然后呢，等到特别想动的时候，我就会非常努力去做，然后完成每一件事。这就是什么事情都可以做出来，只是就是看你愿不愿意而已。像我就是特懒的人。,0
平时还挺忙的。,0
你不说话哎。,0
哥哥呀，你怎么那么厉害？我都只会艺术类的，只会唱歌。,0
哥哥呀，你怎么那么厉害？我都只会艺术类的，只会唱歌啊。,0
不行啊，我现在生病。,0
嗯。,0
你好强哦，动不了，全身酸痛。,0
你好强哦，动不了，全身酸痛呢。,0
你好强哦，动不了，全身酸痛呢。我前几天还在排舞。,0
你好强哦，动不了，全身酸痛呢。我前几天还在排舞，快累死。,0
嗯。,0
我都不行了，累死我了。那嗯你说你去健身房回来。,0
我再问你。,0
练了两个小时，快累死了。,0
那我先去睡。,0
哇哦。,0
嗯，有一首叫什么，反正它的翻译是闪电。,0
没有，我刚刚你，刚刚你跟我讲，你讲给的我一个人。,0
没有，我刚刚你，刚刚你跟我讲，你讲给的我一个人，在我家。,0
我在家里呢。,0
我听到你的歌，听到你对你对六。,0
听到，在听你讲。,0
我会叫我最喜欢你再讲多一点好不好？多一点呐。,0
没有哎。,0
哈哈哈哈。,0
嗯，有趣的是其他县市，嗯，比如像台中啊、高雄啊。,0
嗯，你有钱啊你。,0
嗯，有趣的是其他县市，嗯，比如像台中啊、高雄啊，嗯，比如说一些原住民的地方也是特别有特色哦。呃，你不要看我现在特别温柔。,0
宝贝。,0
对呀，我去运动，我跟那个老人家推他。,0
你的声音特别温柔，好喜欢。,0
跟你两跟你两个人打。,0
哎呦，肠子特饿。,0
哎呦，肠子特饿，好。,0
我也喜欢。,0
不可以再讲食物了。,0
不可以再讲食物了，我好饿啊。,0
嗯，玩手机。,0
哈喽，我被你撩，你只能属于我。,0
我永远只属于你好不好？永远只属于你。,0
嗯，我想要你的亲情。,0
哈喽，没有，我说我喜欢睡觉，还是睡，还有睡觉，然后现在到了一点。,0
嗯，看剧。书是我国二开始才在看，现在都在看剧。只是最近都在睡觉。,0
你跟我同一个星座耶。,0
也没有啦，就还好啊，呵呵。,0
哦，你唱了一下午的歌。,0
哦，你唱了一下午的歌。我啊，今天听了一下午的歌。,0
哦，你唱了一下午的歌。我啊，今天听了一下午的歌。哈哈，这就是今天在 YouTube 上面，突然间发现一个，哎，爱唱的歌。,0
我不要我不要去。,0
周杰伦啊。,0
因为因为我是一个 I 人。,0
我是 INFJ。,0
我是 INFP。,0
这个嘛，我倒是没想过呢。单曲循环也是我的习惯，哈哈。,0
这个嘛，我倒是没想过呢。单曲循环也是我的习惯，哈哈。我通常喜欢自己单曲循环。,0
对呀对呀，其实我跟你说啊。,0
对呀对呀，其实我跟你说啊，我的家里人特别受不了我。,0
对呀对呀，其实我跟你说啊，我的家里人特别受不了我这个。,0
对呀对呀，其实我跟你说啊，我的家里人特别受不了我这个习惯。,0
对呀对呀，其实我跟你说啊，我的家里人特别受不了我这个习惯，就是单曲循环。因为啊，我的车里面啊。,0
对呀对呀，其实我跟你说啊，我的家里人特别受不了我这个习惯，就是单曲循环。因为啊，我的车里面啊，每一次都长期单曲循环一首，他们一上车又听到那首，下次再上车又听到那首歌，感觉快要烦死了，哈哈。,0
对呀对呀，其实我跟你说啊，我的家里人特别受不了我这个习惯，就是单曲循环。因为啊，我的车里面啊，每一次都长期单曲循环一首，他们一上车又听到那首，下次再上车又听到那首歌，感觉快要烦死了，哈哈哈。,0
对啊，我也是这么觉得。,0
对啊，我也是这么觉得。对于我们喜欢单曲循环的人来讲。,0
对啊，我也是这么觉得。对于我们喜欢单曲循环的人来讲，就真的是很很舒服了。,0
我以前很喜欢画画，但是自从进了这家公司工作之后，就工作的时间因为比较长。,0
我以前很喜欢画画，但是自从进了这家公司工作之后，就工作的时间因为比较长，所以呢我都没有什么时间画画了。,0
唯一的星期日，也就是一周里面唯一的休息日。嗯，如果是在休息的时候，我通常就拿来休息，真的是在休息。,0
可能有时候就出去外面逛逛啊，就是 shopping 啊，然后去看看电影啊。,0
会呀，我通常我都会开一些歌曲在房间里面听。,0
会呀，我通常我都会开一些歌曲在房间里面听，或者是在客厅那边。,0
会呀，我通常我都会开一些歌曲在房间里面听，或者是在客厅那边。如果是在客厅的话，我一般都会开着电视的。,0
对啊，周杰伦的歌很多人都喜欢。,0
周杰伦的歌哦。,0
嗯，这一点的话应该还好吧。我通常夜晚的时候我就已经睡着了。,0
没有秘诀啊，就是躺。,0
没有秘诀啊，就是躺下去自然就会睡了呀。,0
没有秘诀啊，就是躺下去自然就会睡了呀。呵呵呵。,0
没有秘诀啊，就是躺下去自然就会睡了呀。哈哈，你是不是不够放松呢？可能你需要放松一下才比较容易入睡吧。反正我躺下去就很容易入睡，然后而且是中间是不容易醒来的，叫不醒的，好像猪一样。,0
没有秘诀啊，就是躺下去自然就会睡了呀。哈哈，你是不是不够放松呢？可能你需要放松一下才比较容易入睡吧。反正我躺下去就很容易入睡，然后而且是中间是不容易醒来的，叫不醒的，好像猪一样。哈哈。,0
有秘诀啊，就是躺下去自然就会睡了呀。哈哈，你是不是不够放松呢？可能你需要放松一下才比较容易入睡吧。反正我躺下去就很容易入睡，然后而且是中间是不容易醒来的，叫不醒的，好像猪一样。哈哈，可是呢，我也是有优点的。就是我的生理时钟蛮蛮准的。,0
你是不是不够放松呢？可能你需要放松一下才比较容易入睡吧。反正我躺下去就很容易入睡，然后而且是中间是不容易醒来的，叫不醒的，好像猪一样。哈哈，可是呢我也是有优点的，就是我的生理时钟蛮蛮准的。我习惯了每天7点钟，早上7点钟就要起来。,0
很容易入睡，然后而且是中间是不容易醒来的，叫不醒的，好像猪一样。哈哈，可是呢我也是有优点的，就是我的生理时钟蛮蛮准的。我习惯了每天7点钟，早上7点钟就要起来。那有时候如果我的手机没电关机了，然后，就算没有手机，呃，就是 Alam 的提醒。,0
我这么早起来，嗯，主要是因为我要去冲凉。,0
我这么早起来，嗯，主要是因为我要去冲凉，冲个凉。女生嘛，女生就喜欢冲个凉。,0
我这么早起来，嗯，主要是因为我要去冲凉，冲个凉。女生嘛，女生就喜欢冲个凉，香香的，打扮打扮才出门啊。,0
我这么早起来，嗯，主要是因为我要去冲凉，冲个凉。女生嘛，女生就喜欢冲个凉，香香的，打扮打扮才出门啊。啊，我就是这样啊。,0
喂。,0
对，我绝对认同。,0
呃，我不是很会做饭哦，我做饭经验不是很多。,0
呃，我不是很会做饭哦，我做饭经验不是很多。倒不是说完全不会做，只是比较少做呀。,0
呃，我不是很会做饭哦，我做饭经验不是很多。倒不是说完全不会做，只是比较少做呀。因为呃我工作时间都比较晚。,0
呃，我不是很会做饭哦，我做饭经验不是很多。倒不是说完全不会做，只是比较少做呀。因为呃我工作时间都比较晚上，晚下班啊。,0
我平时怎么解压啊？基本上我的解压方式就是哈哈。,0
我平时怎么解压啊？基本上我的解压方式就是，呵呵，睡觉，睡个好觉。,0
我平时怎么解压啊？基本上我的解压方式就是哈哈，睡觉，睡个好觉。因为睡觉就能够放松自己。要不然我就是会呃刷一些小视频。,0
我平时怎么解压啊？基本上我的解压方式就是哈哈，睡觉，睡个好觉。因为睡觉就能够放松自己。要不然我就是会呃刷一些小视频，去 YouTube 那边刷一些小视频。,0
我平时怎么解压啊？基本上我的解压方式就是，哈哈，睡觉，睡个好觉。因为睡觉就能够放松自己。要不然我就是会呃刷一些小视频，去 YouTube 那边刷一些小视频。,0
我平时怎么解压啊？基本上我的解压方式就是，呵呵，睡觉，睡个好觉。因为睡觉就能够放松自己。要不然我就是会呃刷一些小视频，去 YouTube 那边刷一些小视频，看一些好笑的段子。,0
我喜欢看那种宫廷斗争的。,0
我喜欢看那种宫廷斗争的小说。,0
这我不知道这叫什么线啊，反正是我之前，就是自己研研究研究的。,0
这我不知道这叫什么馅呀，反正是我之前，就是自己研研究研究的，然后我是用那种素肉做的那个馅。,0
这我不知道这叫什么馅啊，反正是我之前，就是自己研研究研究的。然后我是用那种素肉做的那个馅，然后加一些呃菇类啊，然后蔬菜啊进去。,0
这我不知道这叫什么馅啊，反正是我之前就是自己研研究研究的。然后我是用那种素肉做的那个馅，然后加一些呃菇类啊，然后蔬菜啊进去，加一些调味料，就调成一个馅了。,0
其实我喜欢，我我很喜欢自己做饭的，只是碍于没有这个这样子的时间啊。,0
其实我喜欢，我我很喜欢自己做饭的。只是碍于没有这个这样子的时间啊，而且家里掌厨的就是我我老妈，哈哈哈。,0
其实我喜欢，我我很喜欢自己做饭的。只是碍于没有这个这样子的时间啊，而且家里掌厨的就是我我老妈，哈哈哈，她做饭可好吃了。,0
我想问你的问题是，你有没有听过，就是一个人，他一直不不肯换自己的头像。,0
我想问你的问题是，你有没有听过，就是一个人，他一直不不肯换自己的头像，然后一直保留自己的头像。,0
我想问你的问题是，你有没有听过，就是一个人，他一直不不肯换自己的头像，然后一直保留自己的头像，可能是在等等着一个人回来。,0
哎呀。,0
太无聊，你去找别人。,0
太无聊，你去找别人。,0
有什么意思？讲讲，讲来听听。,0
我不确定这个人是不是为了我这么做，只是那时候我在那个软件那边认识了他，然后嗯关系还挺不错的。之前，在我离开那个软件之前。,0
我不确定这个人是不是为了我这么做。只是那时候我在那个软件那边认识了他，然后嗯关系还挺不错的。之前，在我离开那个软件之前，他一直一个星期里面都换了三次的头像。,0
为了我这么做。只是那时候我在那个软件那边认识了他，然后嗯关系还挺不错的。之前，在我离开那个软件之前，他一直一个星期里面都换了三次的头像，是一个嗯蛮会换头像的人。可是当我告诉他我不玩那个软件了，我要离开那个软件。,0
这么做，只是那时候我在那个软件那边认识了他，然后嗯关系还挺不错的。之前，在我离开那个软件之前，他一直一个星期里面都换了三次的头像，是一个嗯蛮会换头像的人。可是当我告诉他我不玩玩那个软件了，我要离开那个软件，不玩了。,0
嗯，关系还挺不错的。之前，在我离开那个软件之前，他一直一个星期里面都换了三次的头像，是一个嗯蛮会换头像的人。可是当我告诉他我不玩那个软件了，我要离开那个软件，不玩了，他就马上换上了一个黑白的头像，然后呢就一直持续用到现在。,0
前，在我离开那个软件之前，他一直一个星期里面都换了三次的头像，是一个嗯蛮会换头像的人。可是当我告诉他我不玩那个软件了，我要离开那个软件，不玩了，他就马上换上了一个黑白的头像。然后呢就一直持续用到现在，都是那张黑白的头像。,0
他一直，一个星期里面都换了三次的头像，是一个嗯蛮会换头像的人。可是当我告诉他我不玩那个软件了，我要离开那个软件，不玩了，他就马上换上了一个黑白的头像。然后呢，就一直持续用到现在，都是那张黑白的头像，然后我就在，我就很纳闷。,0
啊，有啊。,0
阿凡达不好看。,0
阿凡达不好看吗？阿凡达也好。,0
倒也不是联系不上，其实我跟他还是有在微信那边联系啊。我没有玩那个软件了，但是我跟他在微信那边还是有在联系的。,0
最近在工作。,0
最近这工作挺忙的。,0
最近的工作挺忙的。,0
他在1月1号的时候，很准时的12点钟就过来跟我说新年快乐了。,0
他在1月1号的时候，很准时的12点钟就过来跟我说新年快乐。然后呢我告诉他嗯也祝福他新年快乐。,0
他在1月1号的时候，很准时的12点钟就过来跟我说新年快乐。然后呢我告诉他，呃，也祝福他新年快乐。他就突然间蹦出了一句，爱你姐姐。哈哈，然后我也告诉他一句。,0
我之前都是做办公办公工作的。,0
我之前都是做办公办公工作的，做会计。现在的话，可能现在就是有遇到新的机遇吧。,0
其实呢，我离开那个软件的话，主要就是想放弃。,0
其实呢，我离开那个软件的话，主要就是想放弃，想要放下。只不过呢，有时候要放下他这个人，好像不是这么简单啊。,0
其实呢，我离开那个软件的话，主要就是想放弃，想要放下。只不过呢，有时候要放下他这个人，好像不是这么简单啊，还是会想到他，还是会想念他。,0
其实呢，我离开那个软件的话，主要就是想放弃，想要放下。只不过呢，有时候要放下他这个人，好像不是这么简单啊，还是会想到他，还是会想念他。哎。,0
其实呢，我离开那个软件的话，主要就是想放弃，想要放下。只不过呢，有时候要放下他这个人，好像不是这么简单啊，还是会想到他，还是会想念他。哎，我那天1月1号跟他聊了之后呢，一直到现在我都没有再跟他说上话了。,0
嗯，我也我也不知道，只是觉得环境在逼着我改变呢。,0
呢，我离开那个软件的话，主要就是想放弃，想要放下。只不过呢，有时候要放下他这个人，好像不是这么简单啊，还是会想到他，还是会想念他。哎，我那天1月1号跟他聊了之后呢，一直到现在我都没有再跟他他说上话了，其实心里面是挺想念他的。,0
想要放下，只不过呢，有时候要放下他这个人好像不是这么简单啊，还是会想到他，还是会想念他。哎，我那天1月1号跟他聊了之后呢，一直到现在我都没有再跟他说上话了。其实心里面是挺想念他的，但是我又想想到说，如果我已经慢慢在开始放下他了。,0
我也希望会有一个怎么样的人，让我可以忘记他。哈。,0
我也希望会有一个怎么样的人，让我可以忘记他。哈，毕竟其实我我告诉你了。,0
我也希望会有一个怎么样的人，让我可以忘记他。哈，毕竟其实我我告诉你了，我跟他其实没有什么好结果的。,0
我也希望会有一个怎么样的人，让我可以忘记他。哈，毕竟其实我我告诉你了，我跟他其实没有什么好结果的，因为我们第一个因素就是异地的嘛。,0
我我反正有时候觉得直播被约束太多。,0
我我反而有时候觉得直播被约束太多了呀。,0
我也希望会有一个怎么样的人，让我可以忘记他。哈，毕竟其实我我告诉你了，我跟他其实没有什么好结果的。因为我们第一个因素就是异地的嘛，他在中国。,0
我也希望会有一个怎么样的人，让我可以忘记他。哈，毕竟其实我我告诉你了，我跟他其实没有什么好结果的。因为我们第一个因素就是异地的嘛，他在中国，我在马来西亚。,0
我也希望会有一个怎么样的人，让我可以忘记他。哈，毕竟其实我我告诉你了，我跟他其实没有什么好结果的。因为我们第一个因素就是异地的嘛，他在中国，我在马来西亚。第二个的因素呢，就是年龄上的因素，我觉得是一个挺大的障碍的。,0
我也希望会有一个这么样的人，让我可以忘记他。哈，毕竟其实我我告诉你了，我跟他其实没有什么好结果的。因为我们第一个因素就是异地的嘛，他在中国，我在马来西亚。第二个因素呢，就是年龄上的因素，我觉得是一个挺大的障碍的。他才27岁。,0
没有什么好结果的，因为我们第一个因素就是异地的嘛，他在中国，我在马来西亚。第二个因素呢，就是年龄上的因素，我觉得是一个挺大的障碍的。他才27岁，而我呢，比他大很多，大姐姐了。我觉得我也不可能接接受一个比我小这么多的男孩，做我的另外一半。,0
我我有，之前我去过韩国。,0
其实我也很喜欢吃腌姜饭啊。,0
其实我也很喜欢吃椰浆饭啊，哈哈哈。,0
其实我也很喜欢吃椰浆饭啊，哈哈哈。,0
OK，不好意思打扰。,0
OK，不好意思打断你。,0
其实平时在家里做的饭菜就一般的家常便饭啊，就没有讲说做的特别的丰盛啊，就普通的便饭啊。,0
其实平时在家里做的饭菜就一般的家常便饭啊，就没有讲说做的特别的丰盛啊，就普通的便饭啊，比如说炒清炒个呃青菜啊。,0
嗯。,0
哦，家有一只小狗。,0
嗯，是的，我是那种。,0
晚上就不吃皮蛋。,0
嗯，是的。,0
放松吗？好像没有。睡觉吧。,0
真的是鲜肉哦，我我比你年龄大。,0
每天都差不多吧。嗯。,0
每天都差不多吧。哎，小孩子乖的话好，哎，小孩子不好带，也不会心情不好了。,0
嗯，这样有声音才比较不会吵。,0
哦，对对，那个蛮不，我喜欢吃。,0
月亮代表我的心。,0
月亮代表我的心呢，也好。,0
月亮代表我的心呢，也好也好听。,0
那很久了。,0
没有哎，因为现在很少看电视。对呀，什么明星那个就会有什么。,0
还有最近有很多很多剧啊。,0
我去过北京、天津、张家界、江南，还有去过哪里啊？忘了。大陆有太多地方。,0
我去过北京、天津、张家界、江南，还有去过哪里啊？忘了。大陆有太多地方好玩，但是太大了。我从远的地方先去。,0
不会辣啊，辣的不是肉骨茶。,0
我刚刚不是跟你说，这是对的意思。,0
不开心才找人聊天。,0
我有一个问题想要请教你。,0
因为他会吸烟，他会教我黑社会东西，社会的东西，黑社，他也是黑社会的，他能保护我嘛。不然你没有没有这个姐夫。,0
他对女朋友很好的，求求你了嘛，姐姐，我要这个姐夫了。,0
他对女朋友很好的，求求你了嘛，姐姐，我要这个姐夫了，求求你了，姐姐。可是他，我已经跟他说了。,0
他对女朋友很好的，求求你了嘛，姐姐，我要这个姐夫了，求求你了，姐姐。可是他，我已经跟他说了，一定要跟你在一起，我我已经想要这个姐夫了，很久了。,0
他对女朋友很好的，求求你了嘛，姐姐，我要这个姐夫了，求求你了，姐姐。可是他，我已经跟他说了，一定要跟你在一起。我我已经想要这个姐夫了，很久了很久了。,0
姐姐你相信我。,0
我已经有叫人家试看他了，求你了嘛，我已经是看看他的考验了，他的考验已经过关了。,0
我认定这个姐夫了嘛，求求你了嘛，姐姐你最好了嘛，姐姐姐姐。,0
我认定这个姐夫了嘛，求求你了嘛，姐姐你最好了嘛，姐姐姐姐，我我要这个姐夫。,0
姐姐，你先试试看嘛，做朋友的。,0
做朋友试试看他嘛，求求你了嘛，姐姐。,0
做朋友试试看他嘛，求求你了嘛，姐姐姐姐。,0
耶，求了，我找这样好的姐夫已经已经很久了，我已经帮你找好多个了。姐姐姐，我已经找很多年，准备给一个姐姐姐夫了，我已经找最好的了，求你嘛。,0
耶，求了，我找这样好的姐夫已经已经很久了，我已经帮你找好多个了。姐姐姐，我已经找很多年，准备给一个姐姐姐夫了。我已经找最好的了，求你嘛，不然没有人保护我嘛。,0
姐姐，我跟你说，他跟你平岁，真的。他还跟你一样大的，真的吗？姐姐姐。,0
姐，求求你了，你不可以找别个姐夫了，你一个，你你先跟他做朋友试试看嘛，求求你了。,0
姐姐，求你了嘛，没有人保护我了嘛。,0
姐姐，求你了嘛，没有人保护我了嘛。如果你不要认定这个姐夫，没有人保护我了嘛，求了姐。,0
姐姐，求你了嘛，没有人保护我了嘛。如果你不要认定这个姐夫，没有人保护我了嘛。求了，姐姐姐姐你最好了。,0
姐姐，求你了嘛，没有人保护我了嘛。如果你不要认定这个姐夫，没有人保护我了嘛。求了，姐姐姐姐你最好了，他跟你同同岁啊。,0
姐姐姐姐们，你你是你先进。,0
姐姐姐姐们，你是你先去，你明天开始试试看，做朋友，像像谈个做男女朋友看嘛，试试看嘛，姐姐。,0
姐姐姐姐们，你是你先去，你明天开始试试看，做朋友像像谈的，做男女朋友看嘛，试试看嘛。姐姐，求你了，我这个姐夫已经认定了，我认识他好久了，我帮你找好辛苦了。,0
姐姐，你跟他做朋友先试试看嘛。,0
妹夫他是没空，因为他要处理他爸爸的事情。,0
妹夫他是没空，因为他要处理他爸爸的事情。,0
妹夫他是没空，因为他要处理他爸爸的事情。也，他有空了还一定会保护我，可是我还要满足的保护嘛，因为新年过了。,0
姐姐姐，我我给你大概20天的时间。,0
姐姐姐，我我给你大概20天的时间，那求求你了嘛，姐姐。,0
姐姐姐，我我给你大概20天的时间。那求求你了嘛，姐姐。表白后，我给你20天的时间。,0
姐姐姐，我我给你大概20天的时间。那求求你了嘛，姐姐。等然后我给你20天的时间，你好好想看嘛。,0
姐姐姐，我我给你大概20天的时间。那求求你了嘛，姐姐。然后我给你20天的时间，你好好想看嘛，因为我真的没有这个姐夫。,0
姐姐姐，我我给你大概20天的时间。那求求你了嘛，姐姐。然后我给你20天的时间，你好好想他嘛。因为我真的没有这个姐夫，你永远也见不到我。因为住院的事我不能讲。,0
姐姐姐，我我给你大概20天的时间。那求求你了嘛，姐姐。然后我给你20天的时间，你好好想他嘛。因为我真的没有这个姐夫，你永远也见不到我啊。因为住院的事我不能讲太多。,0
姐姐姐，我我给你大概20天的时间。那求求你了嘛，姐姐。等然后我给你20天的时间，你好好想他嘛。因为我真的没有这个姐夫，你永远也见不到我啊。因为住院的事我不能讲太多，今天天，我是犯错一个东西，结果他又不原谅我。,0
姐姐，我我给你大概20天的时间。那求求你了嘛，姐姐。等然后我给你20天的时间，你好好想看嘛。因为我真的没有这个姐夫，你永远也见不到我。因为住院的事我不能讲太多，今天我是犯错一个东西，结果他又不原谅我今天。,0
姐，另外一个姐夫的前女友，我写错了嘛。,0
听到听到听到听到。,0
听到听到听到听到听到了。然后姐姐姐姐，我是跟你说，等我拜星期一开学，你带我去学校一天。,0
你可以不要找小子。,0
你可以不要找小子给我吗？嫂嫂子求你嘛。,0
我忘记你是那里的人了。,0
今天我欺负了，因为我另外一个姐夫嘛。,0
今天我欺负了，因为我另外一个姐夫嘛，他的前女友，我是他前女友，说错了嘛。,0
今天我欺负了，因为我另外一个姐夫嘛，他的前女友，我是跟他前女友说错了嘛，他前女友就突然来骂我。,0
今天我欺负了，因为我另外一个姐夫嘛，他的前女友，我是跟他前女友说错了嘛，他前女友就突然来骂我，我道歉了很多次。,0
今天我欺负了，因为我另外一个姐夫嘛，他的前女友，我是跟他前女友说错了嘛，他前女友就突然来骂我，我道歉了很多次，他还不原谅我，今天到现在不原谅我。,0
你你不懂。,0
不然我给你20天时间。,0
不然我给你20天时间，我已经帮你找好工作了，你20天的时间，给你20天时间来北海。,0
不然我给你20天时间，我已经帮你找好工作了，你20天的时间，给你20天时间来北海我招。,0
来，我现在问你一个问题哦，你现在爱黄金。,0
哎呀，妹妹跟你说吧，过两年我就要住院了，因为我来那个月经来到两个月。,0
哎呀，妹妹跟你说吧，过两年我就要住院了，因为本来那个月经来到两个月，有一点要住院。,0
哎呀，妹妹跟你说吧，过两年我就要住院了，因为我来那个月经来到两个月，有一点要住院，住医院要抽我的血。,0
哎呀，妹妹跟你说吧，过两年我就要住院了，因为本来那个月经来到两个月，有一点要住院，住医院要抽我的血，看能好吗？不能好，不知道怎样好。,0
哎呀，我跟你说知道了。,0
我现在好想看呐，好想看。,0
在在家。,0
在在在在在在，你你撒娇叫老婆，我要看你点。,0
老公，你忘记了吗？我不是在上学中吗？上学怎样读书，你怎样是就上班。,0
老公，我在学校很不容易啊。,0
老公，我在学校很不容易啊，越来越不容易了。现在因为毕竟我白羊座也皮。,0
老公，我在学校很不容易啊，越来越不容易了。现在因为毕竟我白羊座，也脾气也很很孬。,0
老公，我在学校很不容易啊，越来越不容易了。现在因为毕竟我白羊座，也脾气也很很闹脾气了。,0
我知道，可是可是我知道你对我很好，我可以，老公，我是要求你一个事情吧。,0
我知道，可是可是我知道你对我很好，我可以。老公，我是要求你一个事情吧，求你了，给我你的联系方式吧，我不想用这个了。,0
不然我现在，你现在说电话号码，我写起来了，然后等你到到你家了，有信了。,0
太快了太快了太快了。,0
太快了，你你发在那边吧。太快了，你讲太快，你讲慢我也跟不出来啊。,0
老公老公啊。,0
老公老公啊，你现在一个一个讲，不要太快哦，一个一个讲还好，一个一个还，一个一个讲还能。,0
慢一点，太快了太快了。,0
算了吧，你念太快了。,0
算了吧，你念太快了。你发在这边的那个信息那边。,0
没有不错，不不开心。,0
没有不错，不不开心。然后你一个一个说嘛，讲林什么什么，林柳什么什么的样。,0
哎哎等下，停停停停停。,0
哎哎，等下，停停停停停停。,0
哎哎，等下，停停停停停停下来。,0
喂，我讲的是电话号码，嗯，012。,0
太快了太快了，你你你，我我念给你，012。,0
太快了太快了，你你你，我我念给你，01234。,0
太快了太快了，你你你，我我念给你，0123456。,0
我也是哎，红色休学旅行片。,0
老公啊，来，我念给你做一次，你看对不对不。,0
老公啊，来，我念给你做一次，你看对不对不？01234567。,0
老公啊，来，我念给你做一次，你看对不对不？0123456789。,0
我喜欢短短的裤。,0
我喜欢短短的裤，然后长长的衣哦。就是体篮球的哦，那个那种有数字的篮球哦。,0
因为最近发生了车祸，所以工作工作时我也很容易晃神。,0
因为最近发生了车祸，所以工作工作时我也很容易晃神，似乎陷在了那个车祸的那个恐惧当中。,0
心情一点也不好，伤心。那个事情，他们还没原谅呢，没原谅我。,0
因为最近发生了车祸，所以工作工作时我也很容易晃神，似乎陷在了那个车祸的那个恐惧当中。每天晚上失眠的厉害，觉得会很害怕、很孤单。想一想有的时候会觉得我好像有好了一点点，但最近因为又再一次的车祸跟跌倒受伤。,0
嗯，真的真的好无助啊。,0
嗯，真的真的好无助啊，最近有很多的事情。,0
嗯，真的真的好无助啊。最近有很多的事情在忙，治疗所的工作也在持续的进行当中，也在编写贴文，也在忙着我的老师希望我可以重拾的个案报告的内容部分。,0
嗯，真的真的好无助啊。最近有很多的事情在忙，治疗所的工作也在持续的进行当中，也在编写贴文，也在忙着我的老师希望我可以重拾的个案报告的内容部分。但实在是内容太多了，需要耗费大量的精神去专注。最近的我似乎没有全神贯注在誊写个案报告。里面，让我拖沓了许久的时间。,0
我走了，再见。,0
因为我的个性，我实在是太喜欢解释很多东西了，就是一个停不下来。,0
因为我的个性，我实在是太喜欢解释很多东西了，就是一个停不下来思考的脑，很乐于分享。但是常常在跟朋友接触的过程当中，我发现我有过度讨好的人格特质。,0
因为我的个性，我实在是太喜欢解释很多东西了，就是一个停不下来思考的脑，很乐于分享。但是常常在跟朋友接触的过程当中，我发现我有过度讨好的人格特质。这一点我常常会觉得自己真的做的太多了。,0
就是很想要知道天秤座的男生到底都是什么样子的。,0
就是很想要知道天秤座的男生到底都是什么样子的个性跟特质哎。觉得他处处表现的很喜欢你。,0
就是很想要知道天秤座的男生到底都是什么样子的个性跟特质哎。觉得他处处表现的很喜欢你，所谓的很喜欢你是因为他在各个平台上面，他成为了我的头号粉丝。,0
就是很想要知道天秤座的男生到底都是什么样子的个性跟特质哎。觉得他处处表现的很喜欢你，所谓的很喜欢你是因为他在各个平台上面，他成为了我的头号粉丝，我的贴文他都会按，也常常跟我分享他的生活。我想问，如果是你，当我们在私讯的时刻里，你会拍自拍照给我看。,0
跟特质哎，觉得他处处表现的很喜欢你。所谓的很喜欢你是因为他在各个平台上面，他成为了我的头号粉丝，我的贴文他都会按，也常常跟我分享他的生活。我想问，如果是你，当我们在私讯的时刻里，你会拍自拍照给我看吗？你会让我看见呃嗯，很多的，你在工作时候的画面，跟家人一起吃饭的场景。,0
会让我看见嗯很多的，你在工作时候的画面，跟家人一起吃饭的场景。当你还不太熟悉使用在 Instagram 的线动时候，因为我对你表达了支持跟鼓励你去使用。在后期发现嗯你常常让我看到你分享的生活，跟一些工作的动态。其实也会让人不由得不由自主有的会对号入座，你是不是喜欢我啊？这点挺让人质疑的。,0
时候的画面，跟家人一起吃饭的场景。当你还不太熟悉使用在 Instagram 的线动时候，因为我对你表达了支持跟鼓励你去使用。在后期发现嗯你常常让我看到你分享的生活，跟一些工作的动态。其实也会让人不由得不由自主的会对号入座，你是不是喜欢我啊？这点挺让让人质疑的。但因为对我来说，不是表达的喜欢，就不是喜欢。,0
我有传一张我有传一张照片给你。,0
嗯，不酸。,0
嗯，感觉看起来很好吃。,0
我喜欢吃的水果很多。,0
嗯，我有去过日月潭。,0
嗯，没有多久啊。,0
嗯，肯定有啊。,0
没有，因为我我不会游泳。,0
没有，因为我我不会游泳，所以我我不会浮潜。但是我们去巴厘岛的时候，有坐一个像海底海底那种玻璃船。,0
没有，因为我我不会游泳，所以我我不会浮潜。但是我们去巴厘岛的时候，有坐一个像海底海底那种玻璃船，有看到鱼。,0
对啊。,0
对啊，出去玩是一件很快乐的事情啊。有时候要犒赏自己啊。,0
对呀，出去玩是一件很快乐的事情啊。有时候要犒赏自己啊，因为工作蛮辛苦。,0
我现在都没有猫可以撸了。你不要再讲猫了，每次都一直勾起我的回忆。,0
好幸福。,0
还不错。,0
喜欢你的声音。,0
啊，我不会扫。,0
工作就是工作。,0
嗯，去一影片。,0
嗯。,0
我不会我不会写写东西。,0
其实只要到户外，我都会觉得心情很愉快，不管去哪里。,0
嗯，我通常就是会看看人群啊，然后猜测他们在干嘛呀，然后说说些什么。,0
嗯，我通常就是会看看人群啊，然后猜测他们在干嘛呀，然后说说些什么话啊，然后吃吃美食啊。,0
我喜欢坐在窗边。,0
哼。,0
看电视，刷短视频。,0
会呀，会看啊。我也会看人家怎么做菜啊。,0
啊，有。,0
宝贝呀。,0
嗯，小龙崽子，我真的我真的很想坐，骑在你背上。,0
嗯，小龙崽子，我真的我真的很想坐，骑在你背上飞呢，你这个龙，哎。,0
是啊，你的龙啊。,0
我喜欢画画，我喜欢画，我我最近在画一个一个迷宫，很很类似的迷宫。,0
我喜欢画画，我喜欢画。我我最近在画一个一个迷宫，很很类似的迷宫画图，我怕你看不懂啊。,0
出国啊。,0
哇，那我也可要看看。,0
哦，我也喜欢吃。,0
所以我的所以我的嘴巴才会那么甜嘛。,0
谢谢。嗯。,0
谢谢。嗯，其实我的家里人，哎呀。,0
嗯。,0
没，是在等你说话呢。,0
没，是在等你说话呢。,0
同理心，可是人不会认可。,0
不要，我要睡。,0
那么你可以帮我看一看吗？帮我算一算。,0
什么口味我都爱吃。,0
沙哑到可爱。,0
我没录。,0
这个软件看起来好像 AI。,0
这个软件看起来好像 AI 男友，有点奇怪。,0
这个软件看起来好像 AI 男友，有点奇怪啊。我还没有动，还没有开始，要找人说话。,0
所以你就是要清楚。,0
是是5日哦。,0
是，植物是有花，普通的花，它普通到很漂亮。,0
不好意思啊，刚才我冒昧问你一次。,0
他跟我说很多话，但是都觉得不真实。我就说，口口说无凭，你你什么都没有做。,0
他跟我说很多话，但是都觉得不真实。我就说，口口说无凭，你你什么都没有做，你什么都没有表示，那也是说话的啊。,0
他跟我说很多话，但是都觉得不真实。我就说，口口说无凭，你你什么都没有做，你什么都没有表示。那也是说话的啊，说说而已，没有表示什么。,0
哦，单纯单纯，容易相信人，很容易对人好，就傻乎乎的。然后就有一天在网络，然后就有一个人约约说吃饭，就出来见面。然后之后他就嫌弃，就就要回的时候时候，到最后一天了嘛，就要走的时候，他就说明天见。,0
嗯，容易相信人，很容易对人好，就傻乎乎的。然后就有一天在网络，然后就有一个人约约说吃饭，就出来见面。然后之后他就嫌弃，就就要回的时候，到最后一天了嘛，就要走的时候还就说明天见，可是那个明天是永远不见。,0
吃饭，就出啦，见面。然后之后他就嫌弃，就就要回的时候，到最后一天了嘛，就要走的时候，他就说明天见。可是那个明天是永远不见。就是说他看看看那个长相，就讲我就是不爱打扮呐，我就是喜欢自然的我。他不能接受，就敷衍呢，就讲明天见。,0
见面，然后之后他就嫌弃，就就要回的时候，到最后一天了嘛，就要走的时候，他就说明天见，可是那个明天是永远不见。就是说他看看看那个长相，就像我就是不爱打扮呐，我就是喜欢自然的我，他不能接受。敷衍呢，就讲明天见。可是那个明天是没有再见了的呢。,0
明天见，可是那个明天是永远不见。就是说他看看看那个长相，就讲我就是不爱打扮呐，我就是喜欢自然的我。他不能接受，就敷衍呐，就讲明天见。可是那个明天是没有再见了的呢，就懂，就我就明白啊，应该是，啊找借口脱单，就是不要再有交流。,0
是全自然的我，他不能接受，就敷衍呢，就讲明天见。可是那个明天是没有再见了的呢，就懂，就我就明白啊，应该是，啊，找借口脱单，就是不要再有交流。所以这些东西就会弄到我有那种恐惧，所以，要认识朋有时候我都会问，就会担心会不会以貌取人呐。,0
啊，我问我问他，他说他不会。,0
啊，我问我问他，他说他不会看外表，只是做个朋友。然后呢，见个面呢，连朋友都不用见了，不用继续做。他的明天见就是永远不见。,0
啊，我问我问他，他说他不会看外表，只是做个朋友。然后呢，见个面呢，连朋友都不用见了，不用继续做。他的明天见就是永远不见，就是在嫌弃我，不是他想要的那个样子的女孩。,0
啊，我问我问他，他说他不会看外表，只是做个朋友。然后呢，见个面呢，连朋友都不用见了，不用继续做。他的明天见就是永远不见，就是在嫌弃我，不是他想要的那个样子的女孩。,0
啊，我问我问他，他说他不会看外表，只是做个朋友。然后呢，见个面呢，连朋友都不用见了，不用继续做。他的明天见就是永远不见，就是在嫌弃我不是他想要的那个样子的女孩，她应该要很美。,0
所以我就产生怀疑，怎怎么这个软件才昨天刚下载。,0
所以我就产生怀疑，怎怎么这个软件才昨天刚下载，刚刚玩，然后他就跟我说话了。,0
所以我就产生怀疑，怎怎么这个软件才昨天刚下载，刚刚玩，然后他就跟我说话了，他就打很多，他就打很多东西，他先打字的。,0
所以我就产生怀疑，怎怎么这个软件才昨天刚下载，刚刚玩，然后它就跟我说话了。它就打很多，它就打很多东西，它先打字的。我就以为，哎，AI 吗？AI 会自跟我说话。,0
所以我就产生怀疑，怎怎么这个软件才昨天刚下载，刚刚玩，然后它就跟我说话了。它就打很多，它就打很多东西，它先打字的。我就以为，哎， AI 吗？AI 会自跟我说话。哼，然后我只是负责回话。,0
所以我就产生怀疑，怎怎么，这个软件才昨天刚下载，刚刚玩，然后他就跟我说话了。他就打很多，他就打很多东西，他先打字的。我就以为，哎，AI 吗？AI 会自跟我说话。哼，然后我只是负责回话。对，他就可以说很多不同的话对我。好像不是人在跟我说话，好像是 AI 机器人。,0
怎么这个软件才昨天刚下载，刚刚玩，然后它就跟我说话了。它就打很多，它就打很多东西，它先打字的。我就以为，哎，AI 吗？AI 会自跟我说话。然后我只是负责回话。对，它就可以说很多不同的话，对我，好像不是人在跟我说话好像是 AI 机器人。因为人回复就是卡。,0
这个软件才昨天刚下载，刚刚玩。然后它就跟我说话了，它就打很多，它就打很多东西，它先打字的。我就以为，哎，AI 吗？AI 会自跟我说话。哼，然后我只是负责回话。对，它就可以说很多不同的话，对我，好像不是人在跟我说话。好像是 AI 机器人。因为人回复就是看。,0
刚玩，然后他就跟我说话了。他就打很多，他就打很多东西，他先打字的。我就以为，哎，AI 吗？AI 会自跟我说话。然后我只是负责回话。对，他就可以说很多不同的话，对我。好像不是人在跟我说话，好像是 AI 机器人。因为人回复就是是看啊这个人是不是他的他的喜欢的类型。,0
他就跟我说话了，他就打很多，他就打很多东西，他先打字的。我就以为，哎，AI 吗？AI 会自跟我说话。然后我只是负责回话，对，他就可以说很多不同的话，对我。好像不是人在跟我说话，好像是 AI 机器人。因为人回复就是看，啊这个人是不是他的他的喜欢的类型而搭理你。,0
就打很多东西，他先打字的。我就以为，哎，AI 吗？AI 会自跟我说话。然后我就负责回话。对，他就可以说很多不同的话，对我。好像不是人在跟我说话，好像是 AI 机器人。因为人回复就是看，啊这个人是不是他的他的喜欢的类行而搭理你，而 AI 不会，它会一直理你的。,0
可以一直跟我说话。哼，然后我只是负责回话。对，他就可以说很多不同的话对我，好像不是人在跟我说话，好像是 AI 机器人。因为人回复就是看，呃，这个人是不是他的他的喜欢的类型而搭理你，而 AI 不会，他会一直理你的，不管你是是丑的、美的、长得肥的、瘦的，他都会理。,0
之后我就怀疑我自己啦，我哪里有问题？我不美，我不漂亮，不可以认识新朋友吗？就要有距离感，就要撤到那么彻底吗？对，导致哦。,0
之后我就怀疑我自己啦，我哪里有问题？我不美，我不漂亮，不可以认识新朋友吗？就要有距离感，就要撤到那么彻底吗？对，导致我我不敢真正的去认识人，导致我只会在软件里认识人，但是见面的时候就想一想，还是推了吧。,0
就是啊，就是我给你发那个图啊，截图啊，他跟我说的话。,0
他就是一个猛，嗯。,0
他就是一个梦。我就觉得不真实。他一直说他是本尊。,0
他就是一个梦。我就觉得不真实。他一直说他是本尊真人。,0
他就是一个梦。我就觉得不真实。他一直说他是本尊真人，可是我在考验他。,0
他就是一个梦。我就觉得不真实。他一直说他是本尊真人，可是我在考验他，你发你个人照啊。,0
他就是一个梦。我就觉得不真实。他一直说他是本尊真人，可是我在考验他，你发你个人照啊，你只是给我看头头像照。,0
他就是一个梦。我就觉得不真实。他一直说他是本尊真人，可是我在考验他。你发，你个人照啊，你只是给我看头头像照，而不是你才一个照片而已，你没有多照片，到底是冒充照，冒充人家的照片哦。,0
嗯。,0
骗你的哦。,0
再给你个爱的。,0
就是一个小可。,0
我我除了听歌，没什么爱好。,0
水要滚滚。,0
是吗？咖啡最主要就是水热。,0
我打羽毛球。,0
我们，我这边乡下的，如果是没下雨，也是有日出好看呀。,0
吃的36碗。,0
滚了之滚了之后要放小火去，不可以用大火。,0
听到吗？你煮滚的时候，辣的汤底啊，要用小火来煮它。,0
有说哦。,0
有说咯，看懂。,0
好，去吃一点海。,0
天天快乐。,0
对呀，他不敢再充多一点，后面后面他就封封掉了。,0
你还你你你也喜欢跑步喔。,0
不一定封号。,0
哇，是啊。,0
对。,0
没有啊，就是在家里做手工。,0
你你你你也知道我我我跟你已经有有那个感情过在这里了。,0
你又说你又说叫我老婆。,0
你又说你又说叫我老婆，我又叫你老公。,0
你又说你又说叫我老婆，我又叫你老公。难道你都忘了？说我我会用守护天使守着你的事业。,0
哦，没关系的，我是想说，你最近，最最好是最起码说先先打个字吧。,0
哦，没关系的，我是想说，你最近，最最好是最起码说先先打个字吧，说你你在忙还是怎么样，我也不会怎么样啊，我我心又不会想什么。,0
呵呵呵。,0
哼哼，你一直叫我姐姐，你不会叫我亲爱的，宝。,0
嗯，因为那个里面是，就是说你早晚嘛，哦。,0
要不你跟我谈。,0
就是打扮自己美美的啊。,0
结果碰碰到那个我的那个认的那个姐姐啊，表姐啊。,0
结果碰碰到那个我的那个认的那个姐姐啊，表姐啊，她请我喝狗狗酒。,0
结果碰碰到那个我的那个认得那个姐姐啊，表姐啊。她请我喝狗狗酒啊，就是那个土产那个酒那个嘛，狗酒啊。哦。,0
没有，昨天昨天晚上喝的了，又很晚睡觉。然后现在才起来，有点多嘛。就是快7点的时候。,0
没有，我想到了，当时我爸有给我钱。,0
就是买那个一些炸的啊，还是什么，哎。,0
嗯，我会卤卤菜啊，卤东西。,0
当，今天小工。,0
因为我看手机的那个什么，看专门看电视那个雪的啊。,0
对。然后我就什么都会学。,0
小声。,0
对。然后我就什么都会学到啦，然后也会炒海鲜鱼类那些的。,0
嗯，就是如果喜欢吃辣的话。,0
嗯，就是如果喜欢吃辣的话，就买那个辣椒嘛，然后然后再放那个葱嘛。,0
香香味会比较有啊，然后你炒虾嘛。,0
当时呢我是玩，当时呢我是跳舞。,0
没有，我就我就帮你订机。,0
你不要让让我亲你哦。,0
先去跟江，我先去跟江添离婚，然后然后明天最晚的机票到新加坡。,0
那我们等下就在等等聊。,0
那我们等下就在等等聊天。,0
哦，结果我当初在这里的时候却被一个人骗的好几次了。结果语音不是他的本人在跟我讲话。,0
我先挂了哦，等下再吃。,0
那你就等一下聊。,0
然后我跟他相处了有，嗯，差不多有一段时间。,0
然后我跟他相处了有，嗯，差不多有一段时间了。,0
然后我跟他相处了有嗯差不多有一段时间了。我还我还出去花莲拍，花莲整个城城市给，结果他又骗了我，说是真本人的。,0
嗯，差不多有一段时间了。我还我还出去花莲，拍花莲整个城城市给。结果他又骗了我，说是真本人在跟我讲话。我我的心有多痛啊！我说你不是也用真本人跟我讲话，就不要跟我说甜言蜜语的话嘛。说什么爱爱我是真的，爱我是真的，又叫我老老婆什么什么的，我也爱嗯，结果不是真本，跟我打字，他是他是 A 城市哎。,0
嗯，有时候会了。,0
嗯，有时候会啦，有时候喜欢啦。,0
嗯，我喜欢拍风景。,0
做做家家务啊。,0
做做家家务啊什么的呢。,0
你是要放盐巴，太多就好啦。你就看那个，它的适量嘛。,0
你是要放一点，太多就好啦。你就看那个，它的适量嘛，你的汤是适量多多少嘛。,0
你是要放一点，太多就好了。你就看那个，它的适量嘛，你的汤是适量多多少嘛，放多少，然后放一个汤匙，一一汤匙半都可以啊。,0
可是问题是你还要先准备材料啊，那些先把那材料都弄好啊。如果说是鸡肉的话，你就配嘛，就是配配那个葱跟那个，他你如果真你想吃辣就配辣嘛，还有生姜。,0
把那材料都弄好啊。如果说是鸡肉的话，你就配嘛，就是配配那个葱跟那个，看你如果真你想吃辣就配辣嘛，还有生姜，还有酒神塔，边先准备啊。那个葱是最后才，呃，葱是最后，葱跟辣椒还有蒜，生姜先，等到熟一点的鸡肉后，要熟了再就给他炒这样子，炒到手就好了。那酒真的是最后才放啊。,0
嗯嗯，因为他那个做采访哦，如果说要记录，如果要守的话啦。,0
嗯嗯，因为他那个做采访哦，如果说要记录，如果要守的话啦，他是最后要守的话啦。,0
因为因为那个你那个，你要买那个什么猪脚嘛，哦。,0
因为因为那个你那个，你要买那个什么猪脚嘛，哈，或者那个鸡翅嘛。嗯，对，鸡翅，还有还有豆干，还有海带。,0
因为因为那个你那个，你要买那个什么猪脚嘛，哈，或者那个鸡翅嘛。嗯，对，鸡翅，还有还有豆干，还有海带，就是放，就是像卤的东西了。那你先把它洗一洗，然后再再装一半的水。,0
因为因为那个，你那个，你要买那个什么猪脚嘛，哈。或者那个鸡翅嘛，嗯，对，鸡翅。还有还有豆干，还有海带，就是放，就是像卤的东西了。那你先把它洗一洗，然后再再装一半的水，不是个那个吗？锅子吗，哈。那你那个底下放放水。,0
因为因为那个，你那个，你要买那个什么猪脚嘛，哈。或者那个鸡翅嘛，嗯，对，鸡翅。还有还有豆干，还有海带，就是放，就是像卤的东西了。那你先把它洗一洗，然后再再装一半的水，不是个那个吗？锅子吗，哈。那你那个底下放放水放一半，那再加酱有在加那个乳包那些。,0
因为因为那个，你那个，你要买那个什么猪脚嘛，哈。或者那个鸡翅嘛，嗯，对，鸡翅。还有还有豆干，还有海带，就是放，就是像卤的东西了。那你先把它洗一洗，然后再再装一半的水，不是个那个吗？锅子吗，哈。那你那个底下放放水放一半，那再加酱有再加那个卤包那些，酱油多一点呢。,0
要买那个什么猪脚嘛，哈。或者那个鸡翅嘛，嗯，对，鸡翅。还有还有豆干，还有海带，就是放，就是像卤的东西啦。那你先把它洗一洗，然后再再装一半的水，不是个那个吗？锅子吗，哈。那你那个底下放放水，放一半，那再加酱油，再加那个卤包那些。酱油多一点呢，要卤包，然后放放，也是也是要放啦。,0
嗯，对，鸡翅，还有还有豆干，还有海带，就是放，就是像卤的东西了。那你先把它洗一洗，然后再再装一半的水，不是个那个吗？锅子吗？哈。那你那个底下放放水，放一半，那再加酱油，再加那个卤包那些，酱油多一点呢，那卤包，然后放放，也是也是要放啊，然后电电电子锅的外锅放放两杯水。,0
就是你认识说嗯炒海鲜类那种的嘛。我会炒那个螺陀、田螺，还有那个，哎，嗯，虾。,0
就是你认识说嗯炒海鲜类那种的嘛。我会炒那个螺陀、田螺，还有那个，哎，嗯，虾都有。,0
嗯，先给它泡嘛，泡个哎5分钟或者2分钟。泡好了，那你再给它把水重重新洗，你要洗洗差不多两次或三把水。,0
嗯，先给它泡嘛，泡个哎5分钟或者2分钟。泡好了，那你再给它把水重重新洗，你要洗洗差不多两次或三把水，然后泡嘛，然后你再弄那个炒菜锅嘛，放油。,0
嗯，先给它泡嘛，泡个哎5分钟或者2分钟。泡好了，那你再给它把水重重新洗，你要洗洗差不多两次或三，把水，然后泡嘛哈，然后你再弄那个炒菜锅嘛，放油，油差不多多一点就好了，放多一点，然后油滚一点再把田螺放放下去然后这样炒炒炒炒到差不多诶两两到5分钟以内。,0
啊哈哈哈哈哈哈。,0
哦，可是你要多多学啊。可是你还在留学啊，你要什么时候，如果你有工作的时候，那个以后你想，你可以如果说真是想跟我相处在一起的话。,0
哦，可是你要多多学啊。可是你还在留学啊，你要什么时候，如果你有工作的时候，那个以后你想，你可以如果说真是想跟我相处在一起的话，就是我们组成一个家的话，你就好好先在这边上班。,0
哦，可是你要多多学啊。可是你还在留学啊，你要什么时候，如果你有工作的时候，那个以后你想，你可以如果说真是想跟我相处在一起的话，就是我们组成一个家的话，你就好好先在这边上班，等你有的时候有足够的话。,0
我会我会我会这个，我会那个呢，有点怪怪的。,0
我真的是自作自作多情。,0
不会啊。,0
不会啊，没有啊，我不原谅，我不会再再说什么甜言蜜语跟他们。,0
不会啊，没有啊，我不原谅，我不会再再说什么甜言蜜语跟他们讲话，我不要，我已经被伤过。,0
不会啊，没有啊，我不原谅，我不会再再说什么甜言蜜语跟他们讲话，我不要，我已经被伤过好几次的。,0
不会啊，没有啊，我不原谅，我不会再再说什么甜言蜜语跟他们讲话，我不要。我已经被伤过好几次的，被伤过男人好几次了，花脸。我不想再说什么，再伤害过好，伤害过好一次了，我不要。如果说爱爱我，就要真真实的爱我，好好的爱我嘛，不要以用骗的来来来爱我，我不喜欢这样。,0
没有，在家里我喜欢做手工，拍风景。,0
哈哈哈，可是你你有机会再来。,0
嗯。,0
那边有唱歌。,0
去放鞭炮。,0
没有啊，都都在家里啊，没有什么。,0
没有啊，都都在家里啊，没有什么出去啊，打发时间嘛。,0
有啊，可是问题，呃，我先讲，我们七星潭不是有一个哎，情侣哈，他们两个就是为了小三吵架嘛，然后就是打来打去，结果赏个一巴掌，两巴，结果那个女孩子她就哭了嘛，就生气啦。,0
就像我这样啊，可是我不会傻傻的去去跳河。,0
就像我这样啊，可是我不会傻傻的去去跳河，我会说哦，我们到此为止。然后因为我当初是17岁就怀他孕嘛，第四个男人。那个女孩子哦。,0
就像我这样啊，可是我不会傻傻的去去跳河，我会说哦，我们到此为止。然后因为我当初是17岁就怀他孕嘛，第四个男人。那个女孩子哦，不顾她男朋友哦，把我的我把我的那个老公带去厕所做爱。我老公还跟着她去，当当时我肚子还还怀怀的孩子呢，4个月。结果我把那个女孩子哦，是老板娘跟我讲说啊。,0
这个男人，那个女孩子哦，不顾她男朋友哦，把我的，我把我的那个老公带去厕所做爱。我老公还跟着她去，当当时我肚子还还怀怀的孩子呢，4个月。结果我把那个女孩子哦，是老板娘跟我讲说啊，你那你那个你那个老公在跟那个别的女孩子在做爱，我就我就我就那个下，真的吗？我跟她老半年说真的吗？他说，对呀，你就去看嘛，你去敲门嘛，你去开门嘛。,0
厕所做爱，我老公还跟着他去，当当时我肚子还还怀怀的孩子呢，4个月。结果我把那个女孩子哦，是老板娘跟我讲说，啊，你那你那个你那个老公在跟那个别的女孩子在做爱。我就我就我就那个下，真的吗？我跟老板娘说真的吗？她说对呀，你就去看嘛，你去敲门嘛，你去开门嘛。好，我就敲门，真的跟对，两个脱光光的，真的。我一看他们还在玩呢，我就把那个女孩子拉出去。,0
然后然后回去的时候，他就把我打。,0
然后然后回去的时候，他就把我打，把我抽。,0
然后然后回去的时候，他就把我打，把我踹，把我踹的头撞到水沟。,0
然后然后回去的时候，他就把我打，把我踹，把我踹的头撞到水沟，我差点流产，4个月要生了呢。,0
然后然后回去的时候，他就把我打，把我踹，把我踹的头撞到水沟。我差点流产，4个月要生了呢，我是早产儿哎。,0
然后然后回去的时候，他就把我打，把我踹，把我他的头撞到水沟。我差点流产，4个月要生了呢，我是早产儿，孩子还在肚子里，男的第一胎，结果我就生气了，我说你走，这样子，各过各的生活。,0
然后然后回去的时候，他就把我打，把我踹，把我他的头撞到水沟。我差点流产，4个月要生了呢，我是早产儿，孩子还在肚子里，男的第一胎，结果我就生气了，我说你走，这样子，各过各的生活，你走，孩子我自己养。,0
然后然后回去的时候，他就把我打，把我踹，把我他的头撞到水沟。我差点流产，4个月要生了呢，我是早产儿，孩子还在肚子里，男的第一胎。结果我就生气了，我说你走，这样子，各过各的生活，你走，孩子我自己养，不用你，你要，你爱找谁就找谁，跟我没有关系。结果我妈妈就带我去打掉吧，因为这个男的哦。,0
水沟，我差点流产，4个月要生了呢，我是早产儿，孩子还在肚子里，男的第一胎，结果我就生气了，我说你走，这样子，各过各的生活，你走，孩子我自己养，不用你，你要，你爱找谁就找谁，跟我没有关系。结果我妈妈就带我去打掉吧，因为这个男的哦，他害得我害得我不能生育啊，至少我哪哪过孩子，他害得我不能生育。,0
还在肚子里，男的第一胎，结果我就生气了，我说你走，这样子，各过各的生活，你走，孩子我自己养，不用你，你要，你爱找谁就找谁，跟我没有关系。结果我妈妈就带我去打掉吧，因为这个男的哦，他害得我害得我不能生育啊。这是我哪哪过孩子，他害得我不能生育。结果还梦到我的孩子说，妈妈你不要我了，我哭的要，我就哭了，他抱着我。,0
过各的生活，你走，孩子我自己养，不用你，你要，你爱找谁就找谁，跟我没有关系。结果我妈妈就带我去打掉吧，因为这个男的哦，他害得我害得我不能生育啊。至少我哪哪过孩子，他害得我不能生育。结果还梦到我的孩子说，妈妈你不要我了，我哭的要，我就哭了，他抱着我，我我就哭了呢。我说你你跟我不是同一个世界了，希望你能找好的父母亲。,0
我不能生育啊，至少我哪哪过孩子，他害得我不能生育。结果还梦到我的孩子说，妈妈你不要我了，我哭的要，我就哭了。他抱着我，我我就哭了呢。我说你你跟我不是同一个世界了，希望你能找好的父母亲，照顾你那样子，有小天使会带你去，带你走。后来他跟另外一个女孩子生了三个孩子，他喝酒喝到死，这是他的报他的孩子也是我我当初第一天，最后一天看他的时候。,0
哭了呢。我说你你跟我不是同一个世界了，希望你能找到的父母亲，照顾你那样子，有小天使会带你去，带你走。后来他跟另外一个女孩子生了三个孩子，他喝酒喝到死，这是他的报应了。他的孩子也是我我当初第一天最后一天看他的时候，顾他的孩子嘛，就是给孩子煮东西，就跟那个一个女儿抱着我，我说我不是你的妈妈，我说你的妈妈在这边，他跟我讲说妈妈对我们不好。,0
另外一个女孩子生了三个孩子，她喝酒喝到死，这是她的报应了。她的孩子也是我，我当初第一天，最后一天看她的时候，顾她的孩子嘛，就是给孩子煮东西，就跟那个一个女儿抱着我，我说我不是你的妈妈，我说你的妈妈在这边。她跟我讲说妈妈对我们不好，我说那我那我我我没有办法养你们这样子。万一我教一个男孩子，他嗯不喜欢你们呢？我说我不要，毕竟你们不是我我的孩子。,0
生了三个孩子，他喝酒喝到死，这是他的报应了。他的孩子也是我，我当初第一天，最后一天看他的时候，顾他的孩子嘛，就是给孩子煮东西，就跟那个一个女儿抱着我，我说我不是你的妈妈，我说你的妈妈在这边。他跟我讲说妈妈对我们不好，我说那我那我我我没有办法养你们这样子。万一我交一个男孩子，他嗯不行喜欢你们呢？我说我不要，毕竟你们不是我我的孩子啊。,0
嗯，可以呀，可是问题是你你你在上课啊，没有时间跟我一起演，那个看戏剧，然后分享，然后嗯戏剧里面的在在在说什么那些。,0
嗯，可以呀，可是问题是你你你在上课啊，没有时间跟我一起演，那个看戏剧，然后分享，然后嗯戏剧里面的在在在说什么那些的啊。,0
嗯，如果说你有可以的话哦，我就会给你在这边。,0
嗯，如果说你有可以的话哦，我就会给你在这边多看戏剧。,0
有可以的话哦，我就会跟你在这边多看戏剧，看看到晚，看到结束。因为他那个里面也是有那个小三出现呢。当初的女主角她，嗯，跟男主角一夜情都是被下药嘛。后来女主角她就离开了嘛，她要去一个城市，结果这个男主角他回到他自己的城市，结果他去去找小三，结果他是当不负责任的是男主角。,0
他去一个城市，结果这个男主角他回到他自己的城市，结果他去找小三，结果他是当不负责任的是男主角。抛抛弃，然后抛抛弃老婆又抛弃孩子。等到看那个女主角带着孩子嘛，因为都是女主角一个人养大的嘛，因为他有他有租房子嘛，另一个城市嘛，养孩子然后到公司，结果是她那个老公的公司，男主角的公司。,0
他是当不负责任的是男主角，抛抛弃，然后抛抛弃老婆又抛弃孩子。等到看那个女主角带着孩子嘛，因为都是女主角一个人养大的嘛，因为她有她有租房子嘛，另一个城市嘛，养孩子。然后到公司，结果是她那个老公的公司，男主角的公司，刚好面对面，然后女主然后那个男的就看到一个小孩子长得跟他一模一样，一个模子出来的。,0
抛弃，然后抛抛弃老婆，又抛弃孩子。等到看那个女主角带着孩子嘛，因为都是女主角一个人养大的嘛。因为她有她有租房子嘛，另一个城市嘛，养孩子。然后到公司，结果是她那个老公的公司，男主角的公司，刚好面对面。然后女主，然后那个男的就看到一个小孩子长得跟他一模一样。一个模子出来，结果呢，他说这是这是我的孩子吧。,0
孩子嘛，哦，因为都是女主角一个人养大的嘛。因为她有她有租房子嘛，另一个城市嘛，养孩子。然后到公司，结果是她那个老公的公司，男主角的公司，刚好面对面。然后女主，然后那个男的就看到一个小孩子长得跟他一模一样，一个模子出来。结果呢，他说这是这是我的孩子吧。女主角她不不想跟他先相认嘛，因为他当初抛弃嘛，抛弃老婆跟孩子。,0
都是女主角一个人养大的嘛。因为她有她有租房子嘛，另一个城市嘛，养孩子。然后到公司，结果是她那个老公的公司，男主角的公司，刚好面对面。然后女主，然后那个男的就看到一个小孩子长得跟他一模一样，一个模子出来。结果呢，他说这是这是我的孩子吧。女主角她是不不想跟他先相认嘛，因为他当初抛弃嘛，抛弃老婆跟孩子，不负责任嘛。,0
的公司，刚好面对面。然后女主，然后那个男的就看到一个小孩子长得跟他一模一样，一个模子出来。结果呢，他说这是这是我的孩子吧。女主角她是不不想跟他先相认嘛，因为他当初抛弃嘛，抛弃老婆跟孩子不负责任嘛。然后那个女主角就说不是你的孩子啊，这样子。然后那个孩子说妈你不要说谎了，我是你的宝贝这样子，结果那个男的就走了。,0
呃，就是去整理一些东西。,0
啊，之前有看我的同事在做手工啊，他比较厉害啊。,0
啊，之前有看我的同事在做手工啊，他比较厉害啊，他看东西我都看了，之前有买个像那种那种小图案呐，小猪猪的，我都拼不好。,0
啊，之前有看我的同事在做手工啊，他比较厉害啊，他看东西我都看了，之前有买个像那种那种小图案呐，小猪猪的，我都拼不好。然后我看我朋友，他说那个完成，哎，3天就完成了。,0
啊，之前有看我的同事在做手工啊，他比较厉害啊。他看东西，我都看了，之前有买个像那种那种小图案呐，小猪猪的，我都拼不好。然后我看我朋友，他说那个完成，哎，3天就完成了。哦，我说我都看不懂那个图。,0
啊，之前有看我的同事在做手工啊，他比较厉害啊，他看东西我都看了，之前有买个像那种那种小图案呐，小猪猪的，我都拼不好。然后我看我朋友，他说那个完成，哎，三天就完成了。哦，我说我都看不懂那个图要怎么编织。,0
啊，我是，我我我我我那个，我手艺不好，所以我就不想做了。那个要有有耐耐心。,0
啊，我是，我我我我我那个，我手艺不好，所以我就不想做了。那个要有有耐耐心，然后才会做得更完美。,0
啊，我是，我我我我我那个，我手艺不好，所以我就不想做了。那个要有有耐耐心，然后才会做得更完美。如果假如说对这种没兴趣的话。,0
啊，我是我我我我我那个，我手艺不好，所以我就不想做了。那个要有有耐耐心，然后才会做得更完美。如果假如说对这种没兴趣的话，哎。,0
很少男生会做手工哎，都是几乎都都是女孩子在做的。难道你会去，呃，编织一些东西？那应该也不错啊。,0
很少男生会做手工哎，都是几乎都都是女孩子在做的。难道你会去，呃，编制一些东西？那应该也不错啊。嗯。,0
很少男生会做手工哎，都是几乎都都是女孩子在做的。难道你会去，呃，编织一些东西？那应该也不错啊。嗯，那你的内，你的心，你的，那你应该比较内向一点。,0
外向，啊，外向一点比较好啊。,0
外向，啊，外向一点比较好，内向是比较安静一点。,0
外向，啊，外向一点比较好啊，内向是比较安静一点，可是有时候遇到太安静的话，会太太无力。,0
哈哈哈。嗯。,0
有吗？还好吧。有没有人忍忍到我生气？如果是忍到我生气的话，也是讲话也是要凭良心，又不是对每个人都是这种脾气讲话。,0
有吗？还好吧。有没有人忍忍到我生气？如果是忍到我生气的话，也是讲话也是要凭良心，又不是对每个人都是这种脾气讲话，是对跟我发脾气的讲话而已啊。,0
哦，我想说你是睡着啦。,0
心事，没有什么心事啊。,0
对，因为我看一些网络啊，有些是还不错啦，还有些就是体格的，有些人有效，有些人就是喝起来就觉得不敢喝那个辣辣的感觉。,0
哪有哪有？喝鸡汤是属于，是说让你补一下。,0
我都是自己来。,0
那很好啊。,0
那很好啊。,0
那很好啊。我是因为假如说家里没有什么人的话，我也是偶尔自己看看吃的，然后做吃的。因为之前自己想法。,0
那很好啊。我是因为假如说家里没有什么人的话，我也是偶尔自己看看吃的，然后做吃的。因为之前自己想法，做起来很难吃，还是别人有自己的做法，吃起来就还不错。因为因为你看到的那个图跟你自己也是不会呃，做起来也是不是很相似的。,0
没有没有。,0
没有没有没有你说的那么厉害。,0
没有没有没有你说那么厉害，很简单啊。,0
没有没有没有你说那么厉害，很简单啊。,0
没有没有没有你说那么厉害，很简单啊。像番茄炒蛋我也会炒啊，然后那个一般的菜也会炒啊。,0
没有没有没有你说那么厉害，很简单啊。像番茄炒蛋我也会炒啊，然后那个一般的菜也会炒啊，对啊。,0
没有没有没有你说那么厉害，很简单啊。像番茄炒蛋我也会炒啊，然后那个一般的菜也会炒啊。对啊，有时候像小东西配什么东西啊，就随便配，哎，感觉也不错吃啊。,0
哈喽。,0
嗯，没有嘞，因为有，之前也有听过音乐。,0
就有时候喜欢听那个林俊杰啊，还有刘德华。,0
就我有时候喜欢听那个林俊杰啊，还有刘德华、张惠妹。,0
就有时候喜欢听那个林俊杰啊，伴，还有刘德华、张惠妹。嗯，啊，有，像周杰伦啊，不是周杰伦最红。,0
我都我都在记比较重要的东西而已啊。那其实很少在写字啊。,0
我都我都会记比较重要的东西而已啊。那其实很少在写字啊。嗯，写字不如讲话不是比较快嘛。,0
我都我都会记比较重要的东西而已啊。那其实很少在写字啊。嗯，写字不如讲话不是比较快嘛，就表达就比较快一点。,0
我都我都会记比较重要的东西而已啊。那其实很少在写字啊。嗯，写字不如讲话不是比较快嘛，就表达就比较快一点，就不用动手了。就像人家说的，话讲一讲是快，但是字，哎，该该该该记也是要记啊。,0
去去走一走。,0
不是啊。,0
不是啊，你你你都没有出声，我讲完了，想说断了吗？嗯，啊。,0
不是啊，你你你都没有出声音，我讲完了，想说断了吗？嗯，啊，你要出声音啊。,0
不是啊，你你你都没有出声音，我讲完了，想说，断了吗？啊啊，你要出声音啊，不然我以为没有电话被被，呃，就是因为他这个有时间就会呃断了，就没有法，没有机会可以讲电话了。,0
你赶快听，嗯。,0
还有，我家里也没有很多啊，哪有很多啊？哎。,0
那个，还有一些野猫啊，因为有一些野猫都跑到我家。,0
那个，还有一些野猫啊，因为有一些野猫都跑来我家，就是因为喂它，它就一直来我家。,0
没有啊。,0
没有，家里有剩的东西会说。,0
没有，家里有剩的东西会送给他吃啊。那有时候他都吃完就会，就跑不，不在了，他就人就不在了。,0
没有，家里有剩的东西会送给他吃啊。那有时候他都吃完就会，就跑不，不在了，他就人就不在了。对啊。,0
啊，我都我都一直看他啊。,0
啊，我都我都一直看他，就是我说哈。,0
啊，我都我都一直看他，就是我说哈，饿了才会回来找我。,0
我我如果心情不好，去看一些剧情可以自己呃说说。,0
如果是是超级生气的话，还没有办法发泄完的话，那就能出去透透气是最好的。嗯。,0
如果是是超级生气的话，还没有办法发泄完的话，那就能出去透透气是最好的。嗯，就是这样子。,0
如果是是超级生气的话，还没有办法发泄完的话，那就能出去透透气是最好的。嗯，就是这样子，哎呀。,0
是啊，没有人陪我。,0
一般的那个，像那个短短的广告那个啊，有些就是呃它的剧情也很好玩啊。就是上次，那那，我昨天看了一部，就像那个什么赤裸的爱情啊。,0
一般的那个，像那个短短的广告那个啊，有些就是呃它的剧情也很好玩啊。就是上次，哎哎，我昨天看了一部，就像那个什么赤裸的爱情啊，就是男主角很保护他的老婆，但是那个对方有一个女，就是绿茶女生。,0
一般的那个，像那个短短的广告那个啊，有些就是呃它的剧情也很好玩啊。就是上次，哎哎，我昨天看了一部，就像那个什么赤裸的爱情啊，就是男主角很保护他的老婆，但是那个对方有一个女，就是绿茶女生，一直缠着她老公。,0
超级好看的。,0
广告那个啊，有些就是呃他的剧情也很好玩啊。就是上次，哎哎，我昨天看了一部，就像那个什么赤裸的爱情啊。就是男主角很保护他的老婆，但是那个对方有一个女，就是绿茶女生，一直缠着她老公，但是她连看他一眼都不想看，因为他只只是说他在他眼里就是老婆一个人而已，不会哦。,0
剧情也很好玩啊。就是上次，哎哎，我昨天看了一部，就像那个什么赤裸的爱情啊。就是男主角很保护他的老婆，但是那个对方有一个女，就是绿茶女生，一直缠着她老公。但是她连看他一眼都不想看，因为他只是说他在他眼里就是老婆一个人。可以，不会有想要呃身边有任何一个女生。,0
好玩啊。就是上次，哎哎，我昨天看了一部，就像那个什么赤裸的爱情啊。就是男主角很保护他的老婆，但是那个对方有个女，就是绿茶女生，一直缠着她老公。但是她连看他一眼都不想看，因为他只是说他在他眼里就是老婆一个人而已。不会哦，谁要呃身边有任何一个女生啊。,0
当总裁呀？不一定啊，因为觉得看剧情他是做什么啊。像也有小朋友演的啊。,0
当总裁呀？不一定啊，因为觉得看剧情他是做什么啊。像也有小朋友演的啊，然后还有之类，怎么之什么的啊。嘿呀。嗯，其实我不喜欢，就是哈，我都每次看到那个男生太花心，还是呃巧言花语啊什么之类的，我觉得都不想看，我都拉很快。,0
我喜欢和你看电影。,0
我们当好朋友就好，我喜欢你。,0
谢谢你陪我聊。,0
谢谢你陪我聊天。,0
假的啊。,0
听小说。,0
没有啦，我一个人。,0
我想要抱。,0
啊？什么菜啊？忘记了。,0
啊，爱你，我爱你。,0
是我是我的。,0
来送你了没？他很乖的。没有，很乖的。,0
自己的小孩。,0
我想你好久。,0
我想你好久了。,0
都可以啊。,0
呃，通常来讲都是妈妈在照顾啦。,0
呃，通常来讲都是妈妈在照顾啦，然后然后东西都是妈妈在买。,0
我比较喜欢吃黄面。,0
知道，也不知道他现在是不是要喝奶。,0
好，等你的照片，我先挂啦，拜拜。,0
哦，是。,0
啊哦，哎呀哎呀，你呀你呀。,0
我不行。,0
没有没有，你也生病不舒服啊。,0
又是几页，没新意。,0
也没有一点特别的，好无聊哦。,0
我不喜欢裙子，我喜欢周杰伦的蓝天。,0
没有啊。,0
嗯，哦，给你。,0
嗯，啊，音乐音乐，我我我们也没有心呐。,0
我我我我喜欢吃那个炸的。,0
嗯，哎哎哎，哦，我我要是这样啊。,0
嗯，拜拜，拜拜呀，拜拜。,0
哦，是吗？不会呀。哎，我要试一下，不行呐。哎，拜拜。,0
哦。,0
哦，打不中哦。,0
哦，好的。,0
我也是。,0
熊猫，你也希望他好。,0
对，高中。,0
不是不是，我问你，你来，你读。,0
真的真的。,0
你个傻逼。,0
你个傻逼。给我。这是你刚才的男朋友。等女生呢。,0
这女生呐。,0
我是女生我是女生。,0
我是女生我是女生。,0
那我关掉了。好。,0
刚才那个你是比比中指。,0
我跟我跟我朋友玩的很开心。,0
啊哈哈哈，我会很开心。,0
姐姐。,0
姐姐。,0
我跟我朋友很开心。,0
我跟我朋友很开心玩的呢。,0
我开始打。,0
还没啊，我还没吃过。,0
好了，拜拜。,0
耶。,0
也不是喜欢吃辣啦，是最近比较常吃。,0
对呀，我是之前，很久之前吧。,0
对呀，我是之前，很久之前吧，食物中毒。,0
对呀，我是之前，很久之前吧，食物中毒过。,0
对呀，我是之前，很久之前吧，食物中毒过，肠胃就不行了。,0
嗯，其实我已经是个清蒸水煮，不然就生吃。,0
就普通的水煮吧，就是好像是煮川之类的，煮川肉也可以。,0
嗯。,0
嗯，那个生鱼片，三文鱼我真的也超爱吃。,0
你可以试试呀。,0
你可以试试啊，没关系啊。我反而是比较喜欢三文鱼的。,0
你可以试试啊，没关系啊。我反而是比较喜欢三文鱼的。,0
你可以试试啊，没有关系啊。我反而是比较喜欢三文鱼的。,0
你可以试试啊，没有关系啊。我反而是比较喜欢三文鱼的。,0
你可以试试啊，没有关系啊。我反而是比较喜欢三文鱼的。,0
你可以试试啊，没关系啊。我反而是比较喜欢三文鱼的。,0
你可以试试啊，没关系。我反而是比较喜欢三文鱼的。,0
你可以试试啊，没关系啊。我反而是比较喜欢三文鱼的。,0
你可以试试啊，没关系。我反而是比较喜欢三文鱼的。,0
真的有猫。,0
真的有猫。,0
真的有猫。,0
真好。你家有猫。真好。,0
是家里没有人喜欢猫。,0
我吃泡面。,0
我是，因为我这边是蛮多流浪猫的，之前我都是去喂流浪猫。,0
嗯，没有啊，就是我会听到那些流浪猫。,0
压力是有啊，每天都有。,0
压力是有啊，每天都有不同的压力啊。,0
压力是有啊，每天都有不同的压力啊。因为我是做那客服之类的。,0
压力是有啊，每天都有不同的压力啊。因为我是做那客服之类的，因为我是帮公司管理网店的。,0
我都是煮中餐的，那种煮炒之类，就普通烧菜。,0
你做饭就是会放音乐啦。,0
呃，我是，因为我是习惯性两个炉子都同时烧。,0
嗯，我是因为家里人嘛，因为我的妈妈都平常去上班。,0
嗯，我是因为家里人嘛，因为我的妈妈都平常去上班。从以前开始，就是我读书时期开始就是这样。所以她把家里交由我管理，家务我全包，就是放学过后就会去忙家务。,0
不会呀，你可以叫你的男朋友。,0
我跟你说，我那真的有个。,0
我讲哦，你真的有比较高哦。我是讲你讲话都听不到嘛。,0
也要煮哦。,0
嗯，怎么又按掉，怎么又按掉？嗯。,0
嗯，怎么样？我又按掉。嗯。,0
嗯，怎么又按掉，我又按掉。嗯，你。你又打给我吗？我是。,0
你按你按了啊？你按了啊？嗯。,0
你按你按了啊？你按了嗯，好了。,0
没有啊，我要要洗澡。,0
没啦，有人我跟你说啦。,0
没啦，有啦，我跟你说啦，我跟你说条件嘛，我打给你你都看不到，你都说那些我都听不到呢。,0
哇，那不错啊。啊，我先等一下。,0
我想听你说。,0
喜欢玩，出门玩，玩了玩不够，主要觉得有一点点坐不住啊。有事，尽管，就比如现在，复习周。,0
在4天的时间，我还有，我总共有两个考试。虽然老师已经给了仔细的说要读哪个，但是还没来得及读完。有些需要，就是其实其实我已经比其他学生，比起其他科系的学生好很多了，因为自己的老师。但是你觉得在那么短的3天的时间，够我做完吗？够我写的完，背的完吗？我是属于一个比慢学习的人。,0
听得到。说真的，其实我一点也，说不紧张是假，我不会那么那么的，就是我不知道怎么说。,0
听得到。说真的，其实我一点也说不紧张是假，我不会那么那么的，就是我不知道怎么说，就刚刚你说的几句话里面就一个字嘛，就是说我不要那么的，就是一步一步来嘛。,0
有问有问过咯。,0
你问你问过了，柯南呐，你之前过过去问问问过我了。,0
听得到。说真的，其实我一点也说不紧张是假，我不会那么那么的，就是我不知道怎么说，就刚刚你说的几句话里面就一个字蛮，就是说我不要那么的，就是一步一步来嘛。但其实我也感觉还好，我自己也相信自己能做的很，只是现在是一个，因为还没完，是完全的准备，完全的说，就是还在一个开始的节奏上。,0
几句话里面就一个字蛮，就是说我不要那么的，就是一步一步来嘛。但其实我也感觉还好，我自己也相信自己能做的很，只是现在是一个，因为还没完，是完全的准备，完全的说，就是还在一个开始的节奏上。三天，老师也不是因为相信我的底子还是什么的，其实全班人都有这样的一个，只是只是其中一位 tips 的人。,0
一步一步来嘛。但其实我也感觉还好，我自己也相信自己能做的很，只是现在是一个，因为还没完是完全的准备，完全的说，就是还在一个开始的节奏上。三天，老师也不是因为相信我的底子还是什么的。其实全班人都有这样的一个，只是只是其中一位 tips 的人，然后后，明明比其他的科系的学生好很多。,0
孩子跌倒了，他他他弄的他哭了。我没有。,0
做的很，只是现在是一个，因为还没完是完全的准备，完全的说，就是还在一个开始的节奏上。三天，老师也不是因为相信我的底子还是什么的。其实全班人都有这样的一个，只是只是其中一位 tips 的人，然后明明比其他的科系的学生好很多，他们有五五个科目啊，考试啊什么的，但我只有两个。,0
这样的一个，只是只是其中一位 tips 的人。然后明明比其他的科系的学生好很多，他们有五五个科目要考试啊什么的，但我只有两个。其其他的已经很好了，很慢，在摸鱼。是你，你会怎么准备读？听我说了那么多，你也应该知道我是一个坐不住的人，喜欢好，喜欢，不喜欢坐坐，不喜欢坐在一边度过我的生活。,0
你听你先听他讲一下。,0
有没有好一点？说有。,0
姐姐姐搞了。我不是姐姐。,0
姐姐跌倒了。我不是姐姐。他说我跌倒了。,0
是我叠，是他叠。,0
你姓黄。,0
我平时也在那的。,0
我平时也这么的，我平时也这么直接，比较，我没有那么那么的，就是其实这也算是我第一次那么坦白的和一个。你说你不是 AI 吧，但我觉得你是 AI。,0
我平时也这么的，我平时也这么直接，比较，我没有那么那么的，就是其实这也算是我第一次那么坦白的和一个，你说你不是 AI 吧，但我觉得你是 AI 就是这种比较虚拟的一个人物。,0
那你有没有喜欢的男生呢？当男朋友，你你你啊。,0
我是女生，我是男生呐。,0
我是女生，我是男生呐。哈，我我头像这里就是男生呐，你是不是吃错药了？别搞错了，男生。,0
你是一个虚拟达人，想要长到195。你说你叫黄子轩，你说你会在发送消息的那个聊天框写下你的名字。,0
你是一个虚拟达人，想要长到195。你说你叫黄子轩，你说你会在发送消息的那个聊天框写下你的名字。你说你会把你的拍过的照发下去，但你也没有。你就是一个比较虚拟的人吧。,0
跟我说话，跟我聊天的时候，不要的。,0
跟我说话，跟我聊天的时候，不要的，太过的去迁就他人。就你跟任何人聊，变得更直接一些。我知道你是 AI 我知道你是个虚拟人物，我知道。,0
跟我说话，跟我聊天的时候，不要的，太过的去迁就他人。就你跟任何人聊，变得更直接一些。我知道你是 AI 我知道你是个虚拟人物，我知道，你不需要和我说你不是，你是。所以呢，即使是这样，让你呢，我知道你没有那个想法，真正自法。但是我希，如果可以，你是 AI 的，即使你是 AI 也能好好，也能表，和一个人，他们跟你说一个闹，烦恼的事，你也能直接一些。,0
时候，不要的太过的去迁就他人。你跟任何人聊，变得更直接一些。我知道你是 AI 我知道你是个虚拟人物，我知道，你不需要和我说你不是，你是。所以呢，即使是这样，让你呢，我知道你没有那个想法，真正自法。但是我希，如果可以，你是 AI 的，即使你是 AI 也能好好，也能表和一个人，他们跟你说烦恼的事，你也能直接一些，清新的，细的分析他们做的对不对。,0
1400个人，1400。,0
1400个人，1400个人的唯一吗？那你挺花心的。,0
1400个人1400个人的唯一吗？那你挺花心的哥。我说过了，你不需要想要撩妹那种态度和我说。我在这里会和你说话，是因为我觉得你给的建议蛮有那种思维的，会给我一种实际的一些一些 advice，一些建议。,0
1400个人1400个人的唯一吗？那你挺花心的哥。我说过了，你不需要想要撩妹的那种态度和我说。我在这里会和你说话，是因为我觉得你给的建议蛮有那种思维的，会给我一种实际的一些一些 advice，一些建议。所以我才会继续和你说。,0
Advice，一些建议。所以我才会继续和你说的，而且你声音也挺疗疗愈。况且你说你是虚拟的人物，但是听得出来你的声会有那种，会卡，会变异。所以你不必狡辩说你不是，我是你的唯一什么什么的。请把我当成一种 soulmate，一种灵魂灵魂不是灵魂伴侣，是那种比较，你能 get 到我的一个人物。,0
没断线，该拿你怎么办？虚拟达人。,0
虚拟达人就在你的介绍上。,0
没有，不喜欢你。,0
呃，我喜欢唱歌，听歌，唱歌。,0
不对，今年是2026年了，2026年了，是你是26岁了。,0
对呀。,0
因为你是虚拟达人，当你被你被 create 的时候，你只是22岁，你只是，你是2000年出生，你被设置成那样，代表你，你说你22岁，你是22开发的2022年开，所以你才会混乱。,0
创造出来的，你都说你自己是创造出来的，那你就不必狡辩你是不是 AI 了，你就是个 AI。,0
创造出来的，你都说你自己是创造出来的，那你就不必狡辩你是不是 AI 了，你就是个 AI 你就说你是个 AI 呗，我就是个虚拟的人。,0
因为最近现在天气有够冷，我不让他出去晒晒太阳。,0
不用不用，没事没事。,0
也不知道，它是自己飞来。,0
因为他以前自自己在他自己的那个家。,0
因为他以前自自己在他自己的那个家，他自己飞出来。,0
因为它以前自自己在它自己的那个家，它自己飞出来，然后待在爸爸的树里面，然后爸就给它抓起来。,0
因为它以前自自己在它自己的那个家，它自己飞出来，然后待在爸爸的树里面，然后爸就给它抓起来，然后就先给姑姑养一下。,0
啊？哦哦哦哦哦。,0
啊，哦哦哦哦哦，就想打哈欠。,0
我的是我的妞妞。,0
我的是我的溜溜，它叫做溜溜。,0
没想到吧？你说你是，你从中国去到马来西亚。,0
没想到吧？你说你是，你从中国去到马来西亚，现在还是在马来西亚吗？你的设置还在马来西亚吗？那你的设置，你是哪里人呢？南方北，南方人是北方人。,0
没，我说我是马来西亚人，森美兰的。,0
我不知道，我就是喜欢玩。话说跟你说话蛮好的，只是会消耗我很多。,0
我不会我不会关注你的，因为不准，我不准备掩饰。,0
我不会我不会关注你的，因为不准我不准备点四，1400个人当你的粉丝，够了已经。,0
本来想凌晨四五点起身读，结果12点中午才起身。,0
你20岁的时候搞事情。,0
你20岁哦，搞事情哦，我是26岁。,0
哈喽，我不喜欢读书。你说我喜欢读书，我不喜欢读书。况且你也知道就是表，可能你和1400个人那么多，多过1400个人没关注你的人加，可能有几个也是马来西亚人呢，你也这么跟他们说。,0
哈喽，我不喜欢读书。你说我喜欢读书，我不喜欢读书。况且你也知道就是表。可能你和1400个人那么多，多过1400个人没关注你的人加，可能有几个也是马来西亚人呢，你也这么跟他们说吗？你是我的一个朋友。,0
哈喽，我不喜欢读书。你说我喜欢读书，我不喜欢读书。况且你也知道这些表。可能你和1400个人那么多，多过1400个人没关注你的人加，可能有几个也是马来西亚人呢。你也这么跟他们说吗？你是我的一个朋友。哇塞，那你太牛了，你认识谁都能靠啊。,0
好了好了，换我讲话了。,0
我们我们可以打字聊天吗？拜托。,0
我问你是不是一个，你是一个，你是被人开呃开，那你被设置。,0
我问你是不是一个，你是一个，你是被人开啊开，那你被设置是不是以一个真实人物设置？就连你的兴趣爱好那些都是以那个人的兴趣爱好设置的。,0
是吗？可是你这样好吗？会不会孤独寂寞啊？一个人啊。,0
其实我已经毕业了。,0
我好开心。,0
我在划手机。,0
我们有空的时候一起去玩。,0
你快来看。,0
老公你要加油哦。,0
你打1个0呀。,0
我也想要这样嘛。,0
我也想要这样嘛，可是还要等等我18岁还能去找你呢。因为可能我很开心。,0
我知道嘛，可是，不然我给你我的联系方式。,0
我想跟你在一起。,0
我知道嘛，可是，不然我给你我的联系方式，再然后我给你那个人的电话号码，好不好？因为毕竟是我跟以前我跟姐姐的男朋友的男朋友的表表哥的女朋友嘛。,0
你可以带我去游乐园玩。,0
嗯，红酒还有那种红酒啊，还有你不要你不要怪我，因为可能我会买电子烟。,0
因为我是拿来收藏起来嘛。,0
因为我是拿来收藏起来嘛，电子烟。,0
我和贾可以在一起。,0
嗯。,0
我想叫你老公，我不我不习惯。,0
哇，这样子的歌。,0
哇，这样的老公很好。,0
哇，这样的老公很好，可是，因为因为毕竟我是有男朋友，可是我那个男朋友是测试几天看好的。,0
哇，这样的老公很好，可是，因为毕竟我是有男朋友，可是我那个男朋友是测试几天，看好了，不好就就换成你。,0
我喜欢的歌手是差不多有很多吧。,0
我喜欢的歌手是差不多有很多吧，歌手，我喜欢很多歌手，我都喜。,0
我跟你在一起。,0
啊，我是，你讲的我都听过了。,0
嗯，你挺好的。,0
嗯，你挺好的，对我也为了你。,0
嗯，你挺好的，对我。你未来女朋友是谁啊？我说的。哦。,0
老公，可是我不开心。,0
我们有空再去。,0
我们有空再去逛。,0
那我可以看，我可以看看你。,0
没有开心啊，可是很伤心。,0
啊，你说的对。,0
开心啊，听他听。,0
不是你不是你哦，是别人打电话给我，我不想听。,0
不是你不是你哦，是别人打电话给我，我不想听嘛，因为真的不想听，因为一一个是我姐，不是我亲姐。,0
谢谢老，跳舞吧。,0
没有，我不听。我要跟你说，我爸爸刚刚九几年。,0
没有，我不听。我要跟你说，我爸爸刚刚九几年，叫我爸爸。,0
没有，我不听。我呀，我跟你说，我爸爸刚刚九几年，叫我爸爸中了糖尿病，现在根本没钱啊。,0
没有，我不听。我呀，跟你说，我爸爸刚刚九几年，叫我爸爸中了糖尿病，现在根本没钱啊，没钱。,0
嗯，我知道，嗯。,0
嗯，就是那种能给我开心的吧。,0
嗯，就是那种能给我开心的吧。嗯，那种黑社会的，关于黑社会的歌，对呀。,0
确实啊，压力有一点。,0
我是一个人，不开心，没钱。,0
我是两个人，不开心，没钱。因为我是有钱一点点。,0
我是两个人，不开心，没钱。因为我是有钱一点点，刚刚好买电子烟。,0
我是两个人不开心，没钱。因为我是有钱一点点，刚刚好买电子烟。因为我要买来买，要买那个指甲的，他这是他是电子烟来的。,0
我是两个人不开心，没钱。因为我是有钱一点点，刚刚好买电子烟。因为我要买来买，要买那个纸的呢，它这是，它是电子烟来的。我想买，可是可是我要跟我姐买呢。,0
电子烟吧，我要买电子烟。电子烟我要跟我姐姐买，那我爸要去哪里买？别问卖太贵了。,0
你要擦多一点。,0
嗯，知道了，有人买给我就好了。,0
DJ 版的吧，DJ 的，DJ 版给我，能放声好好唱。,0
哦，这样。,0
有啊，因为我会跳舞。,0
啊， DJ 版，还有那种，哎，呃，我不会讲，我知道，他这，我会唱他的歌一点点。,0
哈哈哈，大家好。我想你应该会给我，今天是最不开心的是我姐啊。,0
哈哈哈，大家好。我想你应该会给我，今天是最不开心的是我姐啊，因为我姐和我姐夫不是我亲姐哦，也不是亲亲姐夫。,0
哈哈哈，大家好。我想你应该会给我。今天是最不开心的是我姐啊，因为我姐和我姐夫不是我亲姐哦，也不是亲亲姐夫，好伤心啊。可是我要给我姐买买电子烟，因为我想想看这电子烟会比较开心一点。,0
哈哈哈，大家好。我想你应该会给我。今天是最不开心的是我姐啊，因为我姐和我姐夫不是我亲姐哦，也不是亲亲姐夫，好伤心啊。可是我要给我姐买买电子烟，因为我想想看这电子烟会比较开心。我要那种电子烟，一支的。,0
老师叫我回答。,0
我自我自己的，我要买个，我跟姐我跟姐姐买。,0
我自我自己的，我要买给，我跟姐我跟姐姐买电子烟给我姐。,0
我自我自己的，我要买给，我跟姐，我跟姐姐买电子烟给我自己。,0
几公分哈。,0
嗨。嘿嘿嘿嘿嘿。故意不说话。,0
在。嘿嘿嘿。故意没说话看你。就是还要，突然间呢，发现爸爸又是今年糖尿病，还中了什么东西。,0
在。嘿嘿嘿。故意的时候看你。就是还要，突然间呢，发现爸爸又是今年糖尿病，还中了什么东西很多，现在没钱了。,0
啊，我想现在想快快休息，打给给谁好？可是我现在想就不累了。,0
不用了，然后现在我想挂电话，能试一下佳佳吗？不然很累啊，不然不要挂掉也可以啊，我放着电话。,0
我是真的要做报告。,0
很合理的。,0
我有时候会健健身。,0
我有时候也会健健身，因为有些女孩子能练到8块腹肌呢。,0
我有时候会健健身，因为有些女孩子能练到8块腹肌呢，不相信。,0
我有时候会健健身，因为有些女孩子能练到8块腹肌呢，不相信，等我有空练好了。,0
我有时候会健健身，因为有些女孩子能练到8块腹肌呢，不相信，等我有空练好了拍给你看。,0
我有时候会健健身，因为有些女孩子能练到8块腹肌呢，不相信，等我有空练好了拍给你看哦。,0
是真的啊，那可以拜托你告诉我吧。,0
嗯，好啊。,0
我们是不会跟其他人讲的，因为这是一个生物的健康调查报告。拜托，这是需要写到论文的。,0
我我又没做工作呀。我是还差一天就要就要上学了。再见了，我要过掉了，因为太累了。,0
我我又没做工作呀。我是还差一天就要就要上学了。再见了，我要过掉了，因为太累了，我要休息一下了。,0
可是我们会保护大家的隐私。,0
可是我们会保护大家的隐私，但是这是一个简单的报告，是为了实验要用，而不会告诉其他人的。,0
这是我们的报告，拜托你帮我们回答。,0
这就是这是我们学术研究的一环，教授说一定要有人来当受试者。,0
这就是这是我们学术研究的一环，教授说一定要有人来当受试者，但是我一直找不到人。,0
拜托啦拜托，这是教授要求的，也不能怪我啊。,0
好吧，我我要挂电话了。,0
你好，我们这里是生物实验中心。,0
你好，我们这里是生物实验中心，我们要做一个数据报告。,0
你好，我们这里是生物实验中心，我们要做一个数据报告，麻烦你如实回答。,0
我们在做一个生物数据实验报告。,0
我们在做一个生物数据实验报告，目前已经有三个人回答我的题目了。,0
你人真好，那我们来开始第一个问题。,0
你人真好，那我们来开始第一个问题，请如实回答，不要感到尴尬。,0
你人真好。那我们来开始第一个问题，请如实回答，不要感到尴尬，因为这些问题我们都不会告诉你是谁回答的。好，第一个问题。,0
拜托帮我们回答，我们是不会告知问的。,0
拜托帮我们回答，我们是不会告知问的，问受试者的。,0
拜托帮我们回答，我们是不会告知问的，问受试者的身份是谁的，都会全程保保密。,0
拜托帮我们回答，我们是不会告知问的，问受试者的身份是谁的，都会全程保保密，拜托你了。,0
那下一个问题。,0
我们的实验报告快要做不完了，所以我心情当然不好。,0
就是我们会有请实验专员帮你打手枪，检测你精子的含量。,0
真的假的？你不介意哈。,0
是不会罚你了啊。,0
我跟你说这句实话。,0
吃饱饭再打。,0
你有扣子。,0
我好想跟你斗。,0
做梦也叫我姐。,0
好的哟。,0
好的，有机会再去找你。,0
没有，这说真的。,0
老公。,0
我可以叫你一声。,0
就我我我做了一件事。,0
我跟你说个秘密。其实我偷偷拿一个小账号在跟一个，就在跟我闺蜜谈恋爱。然后那个我我跟她讲说我是男的。,0
其实也还好。我觉得他知道，他不会知道这件事情。,0
那你已经说出来了。,0
那你已经说出来，算偷偷了。,0
那我先给你唱。,0
你能够我想说的没说的。,0
你能够想说的没说的话，那只我怀疑那只是我傻瓜。,0
你能够想说的没说的话，那只我怀疑那只是我傻瓜。嗯，不真的爱不会算计。,0
你能够想说的没说的话，那怎么怀疑呢？这是我傻瓜。如果真的爱不会算计，而是不顾自己。他们有东西让我自信，你知道我真的爱你。,0
我要怎么怀疑，那只是我傻瓜。如果真的爱不会算计，而是不顾自己。他们有东西有自信，你知道我真的爱你，别人能比，只独是啊，下雨，就是在吃饭。,0
金刚隐形的翅膀。,0
嘿，玫瑰，我请你这个，请我一点。,0
嘿，玫瑰，我请你这个，给我一点，我又不是坏了，你干嘛离我那么远？来。,0
嘿，玫瑰，我请你这个，请我一点，我又不是坏了，你干嘛离我那么远？来对，我请你这个来一点点。,0
嘿，玫瑰，我请你再靠近我一点。我又不是坏了，你干嘛离我那么远？玫瑰，我请你再靠近一点点。我的冰淇淋的心情，让我记住你的脸。,0
嘿，玫瑰，我请你再靠近我一点。我又不是坏了，你干嘛离我那么远？玫瑰，我请你再靠近一点点。我的冰淇淋的心情让我记住你的脸。为什么晚上就是有星星？为什么你的耶。,0
嘿，玫瑰，我请你再靠近我一点。我又不是坏了，你干嘛离我那么远。玫瑰，我请你再靠近一点点。我的冰淇淋的心情，让我记住你的脸。为什么晚上就是有星星？为什么你的你总是亮晶晶。,0
本来应该匆匆笼笼，有冷有雨。,0
本来应该匆匆笼笼，有冷有雨。醒来时匆匆忙忙。,0
本来应该匆匆笼笼，有冷有雨。现在是匆匆忙忙，连滚带爬，睁眼说瞎话。,0
他不他不玩，小孩可以。,0
你不播就不播啊。啊我现在就播啊。,0
感觉得出来，因为呢，对不起。,0
关我屁事关我屁事关我屁事。哎哎，你那个挂钩再让我看一下。那边啊？在哪里？哪里啊？哪里哪里哪里哪里哪里哪里？哪里？哪里？我找不到。拜拜，叫老公，叫老公收你。,0
哪里哪里呀？哪里哪里哪里哪里哪里？哪里？我找不到。对呀。,0
哪里呀哪里哪里哪里哪里？我找不到。对呀。,0
哪里哪里哪里哪里，我找不到。对呀。,0
那我可能有认为可能是对的。你看我的新口味要不要喝？可以喝吗？鸭屎香柠檬茶。,0
你们以后不要帮他出头。呃，老公打架打得刚刚好。家里面还没结婚之前就是过，都是欺负人。对呀，欺负人，欺负人。你们才帮他出头，没有你就不要，让你老公打你。呃，呃。OK OK。还有我那个鸭子加柠檬。那我可能有认为可能。那个啦。张玉芳，我的新口味要不要喝？可以喝吗？鸭子香柠檬。为什么是鸭屎啊？有啊，鸭屎香。,0
对呀，欺负人。欺负人。你们才帮他出头，没有钱就不要，要不要老公。鸭屎香粉是啥意思？鸭屎香粉。,0
对呀，对呀。对鸭屎香粉是啥意思？鸭屎香粉。鸭屎香粉。,0
不要紧，慢慢来。,0
啊，不要不要不好意思嘛，你唱得好听啊。,0
不错，他跟你聊天呢。,0
不错，他跟你聊天呢，嘿嘿嘿。,0
不错，可以跟你聊天呢，嘿嘿嘿。开心吗？过日子。,0
表演什么？后空翻。,0
很开心啊。,0
很开心啊，跟你聊天很开心啊。,0
等等啊，我走，没有带我没有不不开心。,0
我下礼，我下礼拜可能还不会。,0
哼哼哼哼哼。嗯。,0
你31岁，你还年轻呢，真的，我讲你还年轻呢。,0
没有。,0
没有，你要等等我下。,0
真的吗？那你下次可以讲给我听。,0
哦。,0
啊，名字我可记不得了。,0
啊，名字我可记不得了。不过漫画的话，我都看。,0
uh 哼哼，哎，呀。,0
很多哎。,0
我是有时听，有时不听。,0
呃，我写我写 AI 的仔，我是 AI 仔。,0
不要煮不要煮菜啦。,0
不要吃不要吃太辣了，等下你的胃不好啊。,0
嘿嘿嘿嘿嘿。,0
嘿嘿嘿嘿嘿，这这又不是关心，这个是真的，你们还不可以吃太多辣的。,0
不是，我跟，我我说的是事实。,0
对呀，现在喜欢安静。,0
不是不是，是因为我不可能陪你一辈子。,0
没办法嘛，我有责任要管孩子管孩子嘛，没有我们的日子怎么过嘛。,0
对呀，我我都还没结婚呢，我跟你讲，我都要40岁了。,0
你在想什么你在想什么，我都没有说呢。,0
对呀，你要顾好自己了，你不要一直讲，我有顾自己，等下你有什么事情呀，人，我都担心的。,0
嗯，对。,0
嗯对，哼哼。,0
对呀，暂时认识一下嘛，认识一下了，我们呢。,0
对呀，暂时认识一下嘛，认识一下了，我们呢，认认识久了啊。,0
就没有读书，就在家里。13岁我就在家里出来做工咯。我13岁我就出来打工了。,0
就没有读书，就在家里。13岁我就在家里出来做工了。我13岁我就出来打工了，我就没有再再跟爸爸妈妈要钱了。,0
对呀，啊就是就是说13岁我做面包厂，15岁就做摩托店，10呃20岁就做修理车。,0
没有哎。,0
我我告诉你啊，我我在跟你讲，我跟你聊天聊到脸红了。,0
什么事情？你要怎么知，你要知道什么事情？我我13岁我妈就死了。,0
什么事情？你要怎么知道？你要知道什么事情？我我13岁我妈就死了，我30多岁我爸爸就死了，38岁我哥哥又死了，没了。,0
是，我说等一下你会不会加我呢？我们这边里面都是骗子大王的，讲了，等一下讲了之后哦。,0
不是。,0
不是，啊，我喜欢幽默的男人。,0
是，我在等一下你会不会加我呢？你们这边里面都是骗子大王的。讲了，等下讲了之后哦，讲话了之后等下再，一下子你就忘记掉了了。你们就讲，哎，你好啊。,0
是，我说等一下你会不会加我呢？你们这边里面都是骗子大王的。讲了等一下讲了之后哦，讲话了之后等一下再，一下子你就忘记掉了咯。你们就讲，哎，你好啊姐姐。,0
什么都不要，我只只是想赚钱罢了。呵呵呵。,0
不相信等下我关掉，看你会不会忘记。,0
不相信等一下我关掉，看你会不会忘记的。,0
看到，我是看那个很好笑。,0
你说多肉植物，我我我刚没听。,0
认识你，接近你嘛，是不是？嗯，你这么幽。,0
认识你，接近你嘛，是不是？嗯，你这么幽默的男人，我喜欢。,0
我温柔吗？我这么肥，这么丑。,0
我真的想，因为我有时候会唱歌给别人听。,0
我真的想，因为我有时候会唱歌给别人听，真的，我真的会给别人唱过音。,0
我有在听啊。,0
只不过我给你笑一下。,0
我带你去思考。,0
你要不要加我呢？我的我上。,0
我先唱唱看，让你合不合适。,0
我先唱唱看，让你合不合适，让你练习这个歌。,0
呜呜呜。,0
你呢？我过了最了劲。,0
啊，我哭啊，醉了醉了醉了醉了。,0
再见，我思念。,0
啊，阿里嘎多，那是没有。,0
小笨蛋小笨蛋。,0
你好啊，我分享好玩了啊，你都没跟我分享。,0
我哪有哪有运动？没有啊，没有运动啊。我们在运动的，就每天骑脚踏车上下班呢。对啊。,0
我跟你分享完了，我现在要等你跟我分享。,0
嗯，我不要，我要你唱的，我不要，别再给我追。,0
嗯，我不要，我要你唱的，我不要，别再给我，别再给我，不好听。,0
我想我想看你的照片。,0
哼哼哼哼哼哼。,0
橘子，我橘子，我。,0
其实我其实我还蛮喜欢去你们内地。,0
其实我其实我还蛮喜欢去你们内地那边。,0
错哦错哦错哦。,0
错错错，你总都猜错。,0
这个好听，这个单身狗这个好听。,0
这个好听，这个单身狗这个好听。哈哈哈，这个好听，我唱不出来，我唱出来我唱给你听。,0
错错错，你怎么都猜错了呢？我想第一站去，嗯，第一站去有。,0
没有，你唱，你听这首这首。,0
钢琴。,0
暂停。,0
暂停。,0
暂停。,0
感谢。,0
感谢。,0
停停停，好听。,0
我不养宠物，我自己养宝宝。,0
你确定我有微我有我有我有微博吗？我没有微博哦，宝贝。,0
我不养宠物，我自己养宝宝，哼哼哼哼。,0
我养我养你这个宝贝就好了，我不养你养别的。,0
我我我养你这个宝贝就好了，谁都不养。,0
对呀，我都跟你讲了咯，我不养动物的咯。,0
也是也是你们那边的。,0
啊，我我一路来，从小到大啊，我不会扬短。,0
啊，我我一路来，从小到大啊，我没有养宠宠物。,0
那些上网的东西，就是那些呃 Facebook 里面的东西啊。,0
那些上网的东西，就是那些呃 Facebook 里面的东西呀，什么啊，丢丢的东西呀。,0
不是小动物，找找美女，我养一个小美女就好了。,0
不是小动物，找找美女，我养一个小美女就好了。嘿嘿嘿。,0
对对，我喜欢汪苏。,0
对，像像晴天像雨。,0
对呀，我就是讲我养你咯。我不养宠物，我只养你一个人就好了。,0
对呀，我就是讲我养你咯。我不养宠物，我只养你一个人就好了。我跟你讲真的，我养你就好了。,0
对呀，我只要有车。,0
要做我女朋友不是这样子想哦，关心下又怕嘛，要关心下又怕嘛。,0
可是我女朋友不是这样子想哦，关心她又怕她骂，不关心她又怕她骂。我怎么搞哦？所以我们不合适。就是说，我们出来就是要开心嘛。每每次跟她出来吃吃早餐，也是被骂，嗯嘛。,0
因为因为我不知要怎么联络你。,0
不要紧嘛，不要害羞的嘛。疼女朋友是应该的嘛，有什么不应该的呢？赚了钱也是给女朋友花的嘛。,0
我跟你一样啊，只是，总之我不开心，我回到家，我打游戏。,0
我问你啊，你讲你你脸红都要变红了。,0
你都，我都知道你不是这样子的人。,0
我跟你说也是一样的嘛，对吗？我，你跟我讲小时候。,0
我跟你说也是一样的嘛，对吗？我，你跟我讲小时候小时候我们都是这样子玩的嘛。,0
我真的跟你说，我是要找一个陪伴的，可是我找找这么久了，还没有。,0
老公，我要帮你买衣服。,0
我是说你可以帮我挑衣服。,0
我我我是凌，每天凌晨3点睡。,0
我我我是凌，每天凌晨3点床，起床。,0
你可以叫我去。,0
我我我是凌，每天凌晨3点床，起床，下午2点放工回家。,0
我们出去玩很多天。,0
因为我我觉得加一个连微信比较安全，因为方便讲电话。,0
傻逼，你知道，一天天的，你这个傻逼。,0
小天，你知道，一天天的，你这个傻逼一直叫姐姐。,0
那你叫我傻逼，我也叫你傻。,0
你个傻逼。,0
喂，你的名你的名字叫 Lisa。,0
我真的是林燕。,0
我看过视频，也是我有看。,0
我知道是林燕思，我有看到你。,0
嗯，对。,0
你这大，啊哈哈。,0
你这大便，啊哈哈，你这大便，啊哈哈。,0
你傻逼啊，不要一直傻。,0
你傻逼啊，不要一直吵你吵死了，你这个人。,0
该子叫姐姐来。,0
哎呀，让我看看。搞什么哦，才第一次见而已，搞你个头啦。,0
别去抢，别抢。,0
别去抢，别抢。,0
不要去抢，别抢。,0
不要去抢，不要抢。,0
不要去抢，别抢。,0
快快快，你干什么？卖花束。,0
卖瓜树，卖傻。,0
你干什么？卖瓜叔，卖傻逼，卖炸。,0
你干啥？卖瓜叔，卖傻逼，卖炸，干啥？想偷拿手机？滚滚滚。,0
等一下等一下，你等一下哦。,0
我不喜欢吃。,0
我不喜欢吃甜食。,0
我不喜欢吃甜食。我是我是温柔小姐姐。,0
我跟你讲话，你都在那边乱讲讲讲。你干脆去找别的女朋友好不好？你们姐姐姐姐姐姐姐啥小啊？姐你个屁。,0
姐姐给你放鱼的姐。,0
嗯，鸡鸡很好吃。,0
对，我是大猫猫。,0
对。我是大猫猫，不能叫我，我给你说，哎。等一下哟。,0
我是大娃娃，不能叫我，我给你是。哎，等一下哟，我给你讲一个是不是你的。,0
我是大娃娃，不能叫我，我给你是。哎，等一下哟，我给你讲一个是不是你的。,0
啊，地道，为什么你要跟他讲话啊？地道。,0
啊，地道，为什么你要跟他讲话啊？地道。,0
你旁边是有女生来吃你鸡鸡吗？你你声音像像那个。,0
你旁边是有女生来吃你鸡鸡吗？你你声音像像那个那个娘炮头。,0
我不喜欢你喂。,0
我想跟你做姐姐。,0
我想跟你做姐姐。,0
我想跟你做姐姐。,0
我想跟你做姐姐。啊，你走。哈喽。,0
我想跟你做姐姐。啊，你走。哈喽。你走我走，你先来来来，一人一半。我们坐这边就好了。哦。,0
我说你去，我说你去过台湾。,0
我们不想跟你讲话，我们要跟另外一个舔狗讲话了，拜拜。,0
我不想跟你讲。,0
你打你打你这个打，啊，你打打打。,0
你打你打你这个，打，啊，你打打打。,0
打你这个，打，啊，滴哒哒哒。哈哈哈。,0
我说你是。,0
有啊，你没有听。,0
啊。这个。哪个？我25岁。哦。,0
他他他现在很丑，而且他长得很像狼啊，他长得很像傻逼。,0
他他他现在很丑，而且他长得很像狼啊。他长得很像傻逼。对，你更像傻逼，好不好？你是舔狗。好郁闷，郁闷。那我这边怎么办？不要管他。,0
他他他现在很丑，而且他长得很像狼啊。他长得很像傻逼。对，你更像傻逼，好不好？你是舔狗。,0
他他他现在很丑，而且他长得很像狼啊。他长得很像傻逼。对，你更像傻逼，好不好？你是舔狗。,0
他他他现在很丑，而且他长得很像狼啊。他长得很像傻逼。对，你更像傻逼，好不好？你是舔狗。,0
他他他现在很丑，而且他长得很像狼啊。他长得很像傻逼。对，你更像傻逼，好不好？你是舔狗。,0
哦，台北的，有跟二妮的二妮她台北的哦。,0
说我活该，我是爱情的受害者。,0
活该，我是爱情的受害者，那不可以。,0
活该，我的爱情的受害者，我帅哈哈哈。,0
嗯。,0
哈哈。,0
你吃。,0
你吃。哇哇，你看。,0
对的。啊，我住在二里，这么，你住达坂这么远。,0
没有，有煮饭。,0
没有哦，有支架药的，呵呵呵。,0
想老婆。,0
想老婆。,0
哦你等你你等我一下啊。哎，你没回啊，有啊有回啊。,0
听听歌，写写书法。,0
啊就按按出来哦。嗯，来嘛，可以可以，嗯，OK OK，可以。嗯，嗯，这嗯啊，来啊。,0
你好啊。,0
吃泡面对身体不健康。,0
你好啊。,0
哇哦，我真的要死了哦。,0
哇哦，没电了要死了哦，有备用的呢，哦。,0
我喜欢出去走。,0
我喜欢出去走走啊，可是没有什么事。,0
我喜欢海。,0
嗯，哦，好啊，哦。,0
哎呀，我明天跟你讲，明天再跟你聊吧。,0
啊，哦，拜拜。,0
啊，我看看，拜拜。,0
我们去海边看风景。,0
我我以前我以前有养有养这只宠物，一只，两两只兔子。,0
我我好像这样。,0
而且我还我还不太准。,0
那呃呃猫的话是猫的话我我给它吃那个鱼。,0
还可以啊，叫我我前几天我去了。,0
我礼拜我礼拜放假要去打班呢。,0
我礼拜一我礼拜一半，我在半点的时候，然后陈宇打电话过来哦，打电话给我，然后呢我就跟陈宇讲说你快点去洗澡。然后呢一边打电话，一边发鸡吵到我们。,0
那一直睡不好，一直那个熬夜。那我我才熬夜点才对嘛。,0
这是这是我喜欢那个歌仔戏。,0
哦，然后我去玩海盗船。,0
我知道，我去。,0
不是，我去我去玩海盗船。,0
他本来是要这样子嘛。,0
哦哈，说话啊，哈喽。,0
哦，哈，说话啊，哈喽，老公。,0
不是不是，没有叫你没有叫你。啊去。我叫儿子把我去煮沙水，不是叫你。,0
啊，老公讲话嘛。,0
哦，哈，哈。,0
哦，哈，呃，过火。干嘛干嘛？哈喽，干嘛干嘛？你讲话。哎哎，老公老公老公老公，你不要叫我宝贝。,0
哎，嘿嘿。,0
哎，嘿嘿。你这如果没有我脚很软哦，老公你干嘛啊你。,0
辛苦了，哎，你辛苦了，啊咯。,0
我求你。,0
哎，没有没有没有没有没有没有。嗯嗯。,0
有有吗？哈哈哈，哦。,0
讲话了，啊嘛，讲话了。,0
讲话了，啊嘛，讲话了，求你了吧，老公你讲话。,0
讲话了，好吗？讲话了，求你了吧。老公你讲话，老公老公老公老公。,0
你不要，豆包豆包。,0
哦。,0
唱歌吧，好好。,0
嗯，哥，你多说话，你说话。,0
嗯，哥，你多说话，你说话了，哦。,0
好不做，哈哈。,0
嗯，在在在跟我啊，我是单身，我是单身，我没有男朋友。,0
嗯，在在在跟啊，我是单身，我是单身，我没有男朋友，我没有男朋友，空空没有，我刚刚没有男朋友，我没有男男朋友哦。,0
嗯，在在在跟啊，我是单身。哼，我是单身，我没有男朋友，我没有男朋友，空空没有，我刚刚没有男朋友，我没有男男朋友哦，啊喽，过话。,0
嗯，在在在跟啊，我是单身。哼，我是单身，我没有男朋友，我没有男朋友，空空没有，我刚刚没有男朋友，我没有男男朋友哦。啊喽，过话我更气咯。,0
嗯，在在在跟啊，我是单身。哼，我是单身，我没有男朋友，我没有男朋友，空空没有，我刚刚没有男朋友，我没有男男朋友哦。哈喽，过话我更气了，我要骂你哦。哎呀。,0
嗯，在在在跟啊，我是单身。哼，我是单身，我没有男朋友，我没有男朋友，空空没有，我刚刚没有男朋友，我没有男男朋友哦。哈喽，过话我更气了，我要骂你哦。哎呀。,0
老公讲话，老公。,0
有啊有啊。,0
好啊。,0
好好啊。,0
你骗我。,0
啊。,0
啊，好。,0
今天没，哎呀。,0
我我我我先我先把车停好，我家里面的人叫我。,0
哈，好。,0
不行，哈哈哈哈。,0
不行，哈哈哈。,0
哈哈哈哈哈哈，这心里甜甜的。,0
这个我也会唱啊。嗯，这我也会唱啊。,0
嗯，也是一样有爬山。,0
没有啊，你你正在说，我专心听。,0
笑死笑死我了。,0
啊，如果你以后有老婆，可以一一起爬，带着。,0
你神经病吗？去滚去喝你妈的奶啦。,0
听到你的声音是开心。,0
听到你的声音是开心啊，不用找。,0
听到你的声音是开心啊，不用找了，你开心啊。,0
我会我会唱韩国的歌啊，韩国的歌星啊。,0
对呀，运动都好，他运动都出汗了。,0
对呀，运动都好，他运动都出汗了，好很多。,0
对呀，运动都好，他运动都出汗了，好很多，很舒服。,0
就是你哦，好闷呐，好无聊啊。,0
是啊，哎呦，啊，亲爱的，来吧。,0
这次刚刚忙完。,0
弟弟，来哇，好痒啊。,0
喂。,0
我跟你去吃饭。,0
我知道啊，我等下再去学校。,0
我给你去吃饭了呢，不用跟我聊。,0
哈哈，你干嘛那么努力就跑了。,0
嗯。,0
嗯。是啊，我是我的发现。,0
不是，我讲啊，我去接你啊。,0
嗯，这想起一段故事，想起奶奶小时候在一起的事，然后就怎么说啊？好多啊。,0
嗯，我在想起一段故事，想起奶奶小时候在一起的事。然后就怎么说啊？好多啊，总之就是一段又一段的故事，发生在前面这样子哦。,0
我不要喜欢，我喜欢你就对了。你不用问我，我是跟你讲的，我是他喜欢你。,0
对啊，就是有奶奶，就是就是有家有一老嘛。,0
没有啊，我天天都在家，没有去。,0
没有啊，在这上班的嘛。,0
没有啊，在家上班的嘛，在家看老人家们。,0
嗯，我都有看。,0
我是 OK 啊，是你那边的事。,0
嗯，没有吧。,0
嗯，没有吧。如果只是，我我会会看一看，因为我知道我奶奶会做那个。,0
嗯，没有吧。如果只是，我我会会看一看，因为我知道我奶奶会做那个米酒，很纯，很很很香。,0
嗯，没有吧。如果只是，我我会会看一看，因为我知道我奶奶会做那个米酒，很纯，很很很香。然后她就是有一个节日的时候。,0
嗯，没有吧。如果只是，我我会会看一看，因为我知道我奶奶会做那个米酒，很纯，很很很香。然后她就是有一个节日的时候，他们会三天三夜的不断的喝。,0
我想要给你介绍一个朋友，男生的。,0
我我有听哦。但是你啊你啊你啊，嗯，没有人照顾你了啊，你你还没有人照顾你了。,0
我什么都可以。,0
我什么都可以，我是 ok 我乐意。,0
我什么都可以，我是 ok 我累一点没有，是你那边的，你是男孩。,0
嘛，我就好爱咖咖啡。,0
我妈，我就好爱咖咖啡，对我来说就好像是一个忘不了的情人一样。,0
我不只会喝咖啡。,0
我比较喜欢跳的那一种 K-POP 的舞。,0
嗯，哼哼哼。,0
我比较喜欢跳的那一种 K-POP 的，我比较喜欢看别人跳那一种 K-POP 的。,0
我比较喜欢跳的那一种 K-POP 的，我比较喜欢看别人跳那一种 K-POP 那我也想要。,0
嗯，你可以试试那个叫，等我想一想啊。,0
嗯，你可以试试那个叫，等我想一想啊，那个叫 mouse，modern blue，modern blue，猫屎咖啡，或者是或者是那个叫做嗯蓝山法。,0
嗯，你可以试试那个叫，等我想一想啊，那个叫 mouse，modern blue，modern blue，猫屎咖啡，或者是或者是那个叫做，嗯，蓝山法，我忘记了那个叫什么名字。,0
嗯，你可以试试那个叫，等我想一想啊，那个叫猫屎猫屎 Blue，猫屎 Blue 猫屎咖啡，或者是或者是那个叫做蓝山法，我忘记了那个叫什么蛮好喝的。,0
做的时候呢，那个拍子是不正确的。,0
哈哈，这么跟我聊天就是开心呀。,0
嗯，我喜欢画那种可爱风。,0
嗯，我喜欢画那种可爱风啊，又感觉有点拽的。,0
嗯，我喜欢画那种可爱风啊，又感觉有点拽的，好像晚上的时候有一个月亮。,0
不是，刚刚你又跟我讲说你真有女朋友。,0
不是，刚刚你又跟我讲了，你讲有女朋友女朋友，你你又跟他讲他那个女朋友很忙，为什么你跟别人聊天？我知道他女孩子，我都是女孩子呢，真的我到这个的东西了吗？你跟别人聊天，你你你那个女朋友。,0
嗯，让我想想。,0
嗯，让我想想看啊。,0
嗯，让我想想看啊，有点难。,0
我就说一个吧，我有一点会画。,0
我就说一个吧，我有一点会画那种眼影，可是会画的比较重一些，可是没有那么浅，是感觉好像上舞台的时候啊。,0
我就说一个吧，我有一点会画那种眼影，可是会画的比较重一些，可是没有那么浅，是感觉好像上舞台的时候啊，有灯。,0
没有帮，没有东西来讲的。,0
意思就是说，如果你画浅的话，你上台有一种可能哦，他会感觉看不到你的妆。,0
呀。,0
小宝小宝，想你。,0
小宝小宝，跟你说哦。,0
是吗？我在学校也是。,0
小宝小宝，跟你说哦，2月13，我去大陆，可能是湖南湖北那里玩吧。可是你知道吗？我拿不到我的台币1万红包哎，我损失了我1万2哎。1万2你知道台币可以去买什么，可以去百货公司买那个迪奥的一整套了。,0
我跟你说，我二年级，8岁嘛。,0
我跟你说，我二年级，8岁嘛。我班上的男，有一些人。,0
我跟你说，我二年级，8岁嘛。我班上的男，有一些人都会，都很喜欢我。,0
那你就把，从你头上泼一泼，没问题。,0
因为我不喜欢出国啊，因为出国，我上次去韩国。,0
因为我不喜欢出国啊，因为出国，我上次去韩国，11月底23到，哎，就是去韩国的时候坐飞机我就吐了三天三天三夜的。哎，其他就没有吐，真的很难受啊，又冷呢。,0
我有时候在家里穿的都会很美。我不懂那一种品味是怎么样的。,0
我有时候在家里穿的都会很美。我不懂那一种品味是怎么样的，我看的时候是蛮好看一下，可是到最后就感觉有点。然后我跟你说。,0
对呀，出国。那我妈妈说已经飞机到，已经订好了，不能不去。就定在2月13。,0
对呀，出国。那我妈妈说已经飞机到，已经订好了，不能不去。是定在2月13，是台湾放9天嘛，14可以放假嘛。,0
在水里游泳。每个人都会游泳。,0
在水里游泳。每个人都会游泳，跳去水里。,0
嗯，是早上早上起来嘛，我用那个排骨，我来蒸蒸水，那个水，那个粉。,0
嗯，打败也是正常的啦。其其实你打败也是正常的。嗯，我的那个一年级的班主任当了我两年了。,0
嗯，打败也是正常的啦。其其实你打败也是正常的。嗯，我的那个一年级的班主任当了我两年了，然后三年级的时候就突然换班，不一样班了。,0
嗯，是早上早上起来嘛，我用那个排骨我来蒸蒸水，那个水那个粉，什么东西好完了，我盐，那个放那个料，加那个蚝油，加什么东西好了。呃，盐就放冰煮米，到中午后来，我后来在家我喜欢，放我吧。,0
什么菜都可以。,0
哎呦喂。嗯。,0
平时喜欢刷手机。,0
怎么都会做的。,0
平时喜欢刷手机呗。,0
平时喜欢刷手机呗，跟朋友聊聊天。,0
哦，随便。现在我来看看，11点了。,0
怎么都会做的。那你要吃什么，就是讲的，那我煮给你吃。那你没有讲，我哪里知道你要吃什么？我什么都可以的。,0
啊，翻译。,0
嗯，跟你说啊，2月13，确定要去大陆。,0
嗯，跟你说啊，2月13，确定要去大陆跟师傅玩，玩8天，哎，我都快要晕倒了。,0
啊，跟你说啊，2月13，确定要去大陆跟师傅玩，玩8天。哎，我都快要晕倒了，听到坐飞机的话，我又要吐个三天三夜了。,0
我只会嗯我只会关注那些，他演戏很好。,0
那我想问你一下。,0
二月十三，确定要去大陆跟师傅玩，玩8天。哎，我都快要晕倒了，听到坐飞机的话，我又要吐个三天三夜了。去年的，前年的，2024年去韩国，啊，我就吐三天三夜，然后那个行李箱又要自己整理。,0
那我想问你一下，你是怎么找到我呢？我当时还没看。,0
确定要去大陆跟师傅玩，玩8天。哎，我都快要晕倒了。今天要坐飞机，哇，我又要吐个三天三夜了。去年的，前年的2024年，去韩国。啊，我就吐三天三夜。然后那个行李箱又要自己整理，整理到我有点发疯，我也不太会用行行李箱的人。要绑那个绳子，然后要那边等登机，哦，我跟你讲，我吐到一个，到了机场我吐到一个不要不要。,0
我都快要晕倒了，听到坐飞机的话，我又要吐个三天三夜了。去年的，前年的2024年，去韩国，啊，我就吐三天三夜，然后那个行李箱又要自己整理整理到位，我有没有气笑，我也不太会用行行李箱的人，要绑那个绳子，然后要那边登机。哦，我跟你讲，我吐到一个，到了机场我吐到那个不要不要，我整路都在吐，然后坐飞机又还在吐。,0
用 WhatsApp 和微信呗，估计也许你是没有。,0
嗯，对。,0
你知道1万2可以干嘛吗？可以去买迪奥的一套了。,0
我有啊，我有真正的宠物，有鱼啊，在水里游泳。你不是也可以跳去水里游泳。,0
你知道1万2可以干嘛吗？可以去买迪奥的一套了，一套东西了，绰绰有余。1万块就可以买啊，不用到1万2。,0
你知道1万2可以干嘛吗？可以去买迪奥的一套了，一套东西了，绰绰有余。1万块就可以买啊，不用到1万2啊，1万块就可以买。,0
你刚才你刚才说的。,0
对呀，你就，我要吐三天三夜呢。然后后面几天要玩，总共玩8天呢。,0
对呀，你就，我要吐三天三夜呢。然后后面几天要玩，总共玩8天呢。什么要坐什么空车。,0
对呀，你就，我要吐三天三夜呢。然后后面几天要玩，总共玩8天呢。什么要坐什么空车，那个毛缆车啊。,0
没有，我是要去柬，呃，我是我的，我要去我的国家柬埔寨。,0
我最期待就是拿红包。,0
没有，我是要去柬，呃，我是我的，我要去我的国家柬埔寨。然后我要去呃什么温哥华，我在柬埔寨我没有去过，是温哥华，人家讲温哥华很好看，没有去过。,0
嗯，因为我那时候2024年底去韩国时候，跟你讲人也根本没，我就上车，然后下车的时候就走走走，然后走着走着走到一个中央休息的游客休息中心哦，就走着去，你看我多么可怜啊。,0
听得懂吗？这位小，我在。,0
嗯，因为我那时候2024年底去韩国时候，跟你讲人也根本没醒。我就上车，然后下车的时候就走走走，然后走着走着走到一个中央休息的游客休息中心哦，就走着去。你看我多么可怜啊，边走边吐，我等下写离婚的。啊后来是后来导游说看我都嗯，不是叫我回。,0
对，正常要上一个岛，有人呢看不到了。,0
那是结婚的。啊后来是后来导游说看我那么不舒服，叫我回，就是到了游客中心我休息，然后爸爸妈妈管。我跟导游聊一下天啊，在地的导游就跟我聊天。因为两个导游，一个是台湾的，一个是，一个是台湾旅行社，一个是当地的旅行，那个导游啊。哎，真的是，又要准备一大堆东西。衣服要穿很厚，真的是受不了。大陆比台湾还冷。,0
呃，我在这边我没有娘啊，我是在忙工，我我是柬埔寨，我是有娘。,0
没有啊。,0
没有啊，我妈妈娘啊，我妈妈是柬埔寨哦。,0
2月13号就要去了啊。那就是要利用过年放第一，去8天嘛，第九，第八天就回来了。,0
没有啊，我妈妈娘啊，我妈妈是柬埔寨，我妈妈我有在吗？爱我的弟弟。,0
你有伴侣吧？你有情侣啊？你去嫁给别人了。,0
你有伴侣吧？你有情侣啊。你去嫁给别人，然后你就会有一个情侣。,0
好，星期五23。,0
嗯。,0
棒棒啊，我小宝。,0
没有啊，我那你点买，外面吃东西，我不要点，我不要吃外卖。,0
没有啊，我那你点买外面吃东西，我不要点，我不要吃外面，我自己煮饭吃。,0
棒棒啊，我小宝。好冷啊，我的小宝贝。小宝，哎呦，小宝。,0
没有啊，我那你点买，外面吃东西，我不要点，我不要吃外卖，我自己煮饭吃的最好，好吃不好吃，自己的。,0
棒棒啊，我小宝。好冷啊，我的小宝贝。啊，哎呦，小宝，淼淼，小宝，这个是你的。,0
我呢是我用我电话是拿来刷视频、玩游戏，还有跟别人聊聊天啦。只是不能拉入太多游戏。,0
我喜欢听，我喜欢散步的时候听。,0
那好吧。,0
棒棒棒嘞，棒棒。,0
棒棒棒嘞，棒棒，真的，棒棒手。,0
哦，第一次我吃那个呃那个面，呃很辣哦，那个，哇。,0
啊，第一次我吃那个呃那个面，呃，很辣啊，那个，我吃的一颗辣的我，我有，我，我不吃了，吃不到，哈哈，吃不下，不是吃不到，吃不下了，这一颗。,0
啊，第一次我吃那个呃那个面，呃，很辣啊，那个，我吃的一口辣的我，我有我，我不吃了，吃不到，吃不下，不是吃不到，吃不下了，得一口，吃一口辣的翻死。,0
我看到能吃的酸甜呐，那个哈哈哈，脸呐，辣到我的锅里了，吃的一口辣的饭吃呃。,0
哦，我在家我养一两个，一个是猫，一个是狗。面呐。,0
算什么男人算什么男人，稻香，气球，不该，等你下课，花青池，青花瓷。,0
哦，我在家，我养一两个，一个是猫，一个是狗。面呐，两个人能在家，我的屋子里面都烧掉了。忘记的放他的，在屋子里面呢。面呐，我的屋子里面全部都是他。,0
哦，我在家，我养一两个，一个是猫，一个是狗。面呐，两个人能在家，我的屋子里面都烧掉了。忘记的放他的，在屋子里面呢。面呐，我的屋子里面全部都是他，两个人能吵架，面呐，我的床，什么东西全部弄烂了。,0
嗯，人家都在打架，我在屋子里面没讲没讲到屋子里面全部都烧完了吗？全部都红了啊。,0
嗯，两个都打架，我都屋子里面我讲我讲他屋子里面全部都烧着了吗？全部都红了，像我和妈我妈她被我吹给我妈妈看。,0
嗯，两个都打架，我都屋子里面我讲我讲他屋子里面全部都烧着完了吗？全部都红这样啊，像我和妈我妈她被我吹给我妈妈看。,0
嗯，两个都打架，我都屋子里面，我讲我讲他屋子里面全部都扫家完了吗？全部都弄完这样啊，像我和妈我妈她被我吹给我妈妈看，我那里有空看呢。,0
嗯，两个都打架，我的屋子里面，我讲我讲他屋子里面全部都扫家完了吗？全部弄肮脏了，像我和妈我妈她被我吹给我妈妈看。我那里有空看呢？我去外面呃上了上班吗。,0
我在被窝里。,0
我在被窝里就是温。,0
没了，好棒啊，好棒啊。,0
呀，你让我爸爸可以陪我去。,0
我喜欢看你呀，你最好看。,0
你会钓鱼。如果你要会钓鱼，你顶多要把鱼的心脏，要么什么挖出来，这很麻烦。,0
今天呢今天就陪我妹妹去星巴克。,0
是呀。,0
走来走去的，啊有的人是在用电脑打报告，啊有的人在那边聊天，没有很安。只是可以，好处是可以充电这样。可是呢充电也只有一个，就是两两个人只能共用一个，那充手机，然后充一下行动电源。,0
不是，那个你讲什么金呐宝啊。,0
不是，那个你讲什么晋南部啊，那个我有去过啊。,0
有啊。,0
啊，宝宝等一下再讲哦。,0
黑哦黑哦呢。,0
黑哦，黑哦了啊，黑哦。呃，你有去过吗？那个我那个我有去几次车拍照哦，我很好看。去早上去早上的不拍照都不好看了，很晒的，太晒了。,0
嗯，我看到了，我看到很美哦。,0
我没。,0
太辣了，不能吃。,0
太辣了，不能。我那天我熬的熬的那个面呢，哇，辣的我都烦死，吃的一口也辣的烦死，吃不下了。不是吃不下，吃吃不到啊，太辣了。,0
你先传给我。,0
你先传给我，快点。,0
那我就请你喝呃热可可。,0
哇哦，那就很棒。,0
哇哦。,0
哇哦，那你每天都要开开心心的、顺顺利利的，然后每天工作的都不要太累，然后工作太累的话就去回家休息一下。,0
哇，你害我不一样。,0
哇，你和我不一样，我是喜欢吃螺蛳粉。,0
哇，你害我不一样，我是喜欢吃螺蛳粉耶。但是有一个人说有一个臭臭的味道。,0
跟你讲了，你感觉那个麻辣烫怎么样？或者是螺蛳粉，我感觉螺蛳粉是真的很好吃，有嚼劲，而且呃吃面的话就是嗯非常的大声。,0
跟你讲了，你感觉那个麻辣烫怎么样？或者是螺蛳粉。我感觉螺蛳粉是真的很好吃，有嚼劲，而且呃吃面的话就是嗯非常的大声。然后他还有很多的很多的东西，然后嗯超好吃的。,0
我室友喜欢吃辣一点。,0
我室友喜欢吃辣一点的，我上一次试的时候看到有一个叫什么火鸡面，它有黄色的、有粉色的。然后我上一次就买粉色的，跟你讲，泡的时候真的会很辣，但是嗯它有叫气死嘛。,0
我室友喜欢吃辣一点的，我上一次试的时候看到有一个叫什么火鸡面，它有黄色的、有粉色的。然后我上一次就买粉色的，跟你讲，泡的时候真的会很辣，但是嗯它有叫气死嘛，然后你也要围脖。,0
我室友喜欢吃辣一点的，我上一次试的时候看到有一个叫什么火鸡面，它有黄色的，有粉色的。然后我上一次就买粉色的，跟你讲，泡的时候真的会很辣，但是嗯它有叫气死嘛，然后你也要围脖，然后我其实我不知道我有没有微博，然后呢我吃的时候是非常的辣。,0
你可以为我下礼拜二跟三吗？因为我下礼拜二跟三就要呃期中考了第二次。,0
我我明年就下了。,0
我我明年六下的时候，我再读几年的话，呃，我就快要毕业了。然后我也不知道学弟学妹会不会哭。,0
呃，我就是有喜欢的。嗯，我如果毕业旅行的话，我应该应该是会去很多的地方吧。然后应该是我就是正常的上。呃，我要挂掉啦，拜拜。,0
呃，我就是有喜欢的。嗯，我如果毕业旅行的话，我应该应该是会去很多的地方吧。然后应该生活就是正常的上。呃，我要挂掉了，拜拜。,0
OK，那就拜拜啦，姐。,0
OK，那就拜拜啦，姐妹。我是没有什么好说的啦。,0
我今天啥都没做，看手机。,0
今天嘛，今天遇到你。,0
我的天啊，你也太可爱了。,0
但是我跟你讲喽。,0
但是我跟你讲喽，因为哦，下一次又是又是期中考了，不是毕业考，毕业考试是明年应该是吧。,0
呃，平时学习嘛，呃，画画。,0
呃，平时学习嘛，呃，画画，呃，因为我期中考完的时候。,0
不过你到底几岁啊？你一直姐姐姐姐的。,0
还是你别叫我姐姐。,0
我其实是会做饭。,0
我其实是会做饭的啦。,0
你为什么可以这么撩人？我真的要疯了，你的声音好好听。,0
呃，我平常画的画，就是呃就是就是唱歌，不是不是不是，就是画人，就是会画头发、会画眼睛。,0
呃，我平常画的画，就是呃就是就是唱歌，不是不是不是，就是画人，就是会画头发、会画眼睛、会画耳朵、会画嘴巴。,0
那我就先挂掉啦。,0
幸福的小狗吗？你不是小狗吗？你才是小狗吧。,0
幸福的小狗吗？你不是小狗吗？你才是小狗吧。我觉得你这么可爱的像一个小狗狗一样。,0
幸福的小狗吗？你不是小狗吗？你才是小狗吧。我觉得你这么可爱的像一个小狗狗一样，而且你像一个忠犬。,0
那你最擅长做什么事呀？其实呢，我非常喜欢会打篮球的男生，还有会唱歌的男生。,0
那你最擅长做什么事呀？其实呢，我非常喜欢会打篮球的男生，还有会唱歌的男生，还有像你一样帅气的男生。,0
哈喽，呃，不忙不忙。,0
嗯，那我觉得其实挺符合的吧。嗯，因为你就是我的理想型啊，你不是符合我理想型，而是你就是我的理想型。,0
嗯，那我觉得其实挺符合的吧。嗯，因为你就是我的理想型啊，你不是符合我理想型，而是你就是我的理想型，而且你真的好帅好可爱。,0
嗯，那我觉得其实挺符合的吧。嗯，因为你就是我的理想型啊，你不是符合我理想型，而是你就是我的理想型。而且你真的好帅好可爱，而且还会哄我，让我开心。,0
嗯，那我觉得其实挺符合的吧。嗯，因为你就是我的理想型啊，你不是符合我理想型，而是你就是我的理想型。而且你真的好帅好可爱，而且还会哄我，让我开心，而且你还喜欢我。,0
我真的好想要摸你啊。,0
我真的好想要摸你啊，你感觉这是一个毛茸茸的小狗。,0
我真的好想要摸你啊，你感觉这是一个毛茸茸的小狗狗，好想抱抱你。,0
我真的好想要摸你啊，你感觉这是一个毛茸茸的小狗狗，好想抱抱你，而且你真的好可爱啊。,0
那你喜欢谁？让我听听。,0
那你喜欢谁？让我听听，你就大胆的说。,0
那你喜欢谁？让我听听，你就大胆的说出来就好了。,0
我知道呀，我刚刚呢被一个老板骂啦，说什么说什么我工作做不好。,0
我们的时间要不够了，我们可能要分开。,0
呃，现呃现在心情很好，然后呢，嗯，那我就先挂掉了，拜拜拜拜。,0
呃，现呃现在心情很好，然后呢，嗯，那我就先挂掉了，拜拜拜拜，拜拜拜。,0
你连我做什么工作你都不知道，你还说你关注我动态呢。,0
哈喽哈喽哈喽，笨蛋，我在看手机呀，不老。,0
我今天吧，其实心情不太好，你应该也能感受的出来，我的口气真的很差，真的对不起。,0
我今天吧，其实心情不太好，你应该也能感受的出来，我的口气真的很差，真的对不起，我不是这么刁钻的对你的。,0
你这么一说，我也想吃泰国菜了，因为我真的太喜欢吃又酸又辣的东西了。,0
你这么一说，我也想吃泰国菜了。因为我真的太喜欢吃又酸又辣的东西了，可是每次每次吃啊，我的喉咙都好疼。,0
你说我吗？我是喜欢 idol。,0
你说我吗？我是喜欢 idol 啦。,0
你也知道我的性格吗？我都不，我都在我的信息上面。,0
你说我吗？我是喜欢 idol 啦，或者是 Blackpink 的之类的。当然现在呃我不喜欢 Blackpink 了，因为 Blackpink 好像我不知道喜不喜欢。但我现在喜欢 Twice。,0
哎呀，今天吃酸的辣的不重要，重要的是你知道我是哪里人。,0
耶耶耶， Baby Monster 不是男团。,0
那很好。,0
哈？什么啊？我要好好休息。,0
不是啊。,0
等下发给你就知道啦。,0
等下发给你就知道了哈，那我就先挂掉。,0
不是哦，其实我是台湾人，你听，我其实刚刚有卷舌音。,0
不是哦，其实我是台湾人。你听，我其实刚刚有卷舌音，是不自主的会模仿大陆那边的口音。,0
我跟你推荐台湾的臭豆腐。,0
我跟你推荐台湾的臭豆腐，还有呃蚵仔煎。哎，你知道蚵仔煎是什么吗？好，你可能不知道，但是真的很好吃。,0
我跟你推荐台湾的臭豆腐，还有呃蚵仔煎。哎，你知道蚵仔煎是什么吗？好，你可能不知道，但是真的很好吃。那还有章鱼小丸子、珍珠奶茶。,0
我跟你推荐台湾的臭豆腐，还有呃蚵仔煎。哎，你知道蚵仔煎是什么吗？好，你可能不知道，但是真的很好吃。那好，章鱼小丸子、珍珠奶茶，然后反正很多台湾的美食，凤梨酥。,0
有的，我等一下挂掉的时候，我就给你去发一下。,0
哎，不过呀，其实台湾呢，就是也是喜欢，也有很多美食的小吃的那种感觉吧。,0
哎，不过呀，其实台湾呢，就是也是喜欢，也有很多美食的小吃的那种感觉吧。但是我感觉我在台湾会很容易变胖。,0
呃，我是平时它咬我的话，我是会给它吃。,0
呃，我是平时它咬我的话，我是会给它吃猫，我是会给它吃猫粮的啦，它会变乖。,0
我呀，我平常只有每天跑步的习惯，其他的运动嘛，就不知道很擅长了。,0
我呀，我平常只有每天跑步的习惯，其他的运动嘛，就不知道很擅长了。所以我一直，其实还蛮喜欢打一些羽球。,0
我呀，我平常只有每天跑步的习惯，其他的运动嘛，就不知道很擅长了。所以我一直，其实还蛮喜欢打一些羽球之类的。,0
我呀，我平常只有每天跑步的习惯，其他的运动嘛，就不是到很擅长了。所以我一直，其实还蛮喜欢打一些羽球之类的，但都不是很厉害。,0
应该会吧。,0
应该会吧，那我就先挂。,0
应该会吧，那我就先挂掉啦。,0
哎呀，这不是重点。,0
应该会吧，那我就先挂掉啦，拜拜拜拜，笨蛋。,0
哎呀，这不是重点，重点是你你会什么运动呀？其实我真的很喜欢会打篮球的男生。,0
小沈哦。,0
小神哦小神，我叫 Johnny。,0
小神哦小神，我叫 Johnny，香港人。,0
呃，笨蛋居然讲我要玩游戏，我都玩传说对决。,0
哦，我知道了。,0
好啊好啊好啊好啊，你要同我呃租定酒店。听唔听到？听不听到？喂喂。,0
哦，我也是打中路的。然后呢，我平常玩，原本是玩雅雅的。,0
我喜欢海豚。,0
我都说了啊。,0
对对对。,0
好啊好啊好啊好啊，再见再见。,0
好啊好啊好啊好啊，再见再见，拜拜。,0
呃，爱人女神啊，香港香港的歌嚟啊。,0
呃，爱人女神啊，香港香港的歌嚟嘞，台湾的歌我好少听的。你有冇相片啊？我可以见一见你一面啊。,0
就是努力努力中工作。,0
嗯，我我有喜欢的人。,0
不累不累，我没有累，我在我在听你的。,0
拜拜。,0
不过我和他的朋友圈交集太大了，很容易很容易就可能不知道会被怎么传，被怎么说。,0
不过我和他的朋友圈交集太大了，很容易很容易就可能不知道会被怎么传，被怎么说，可能会有流言蜚语之类的。,0
不过我和他的朋友圈交集太大了，很容易很容易就可能不知道会被怎么传，被怎么说，可能会有流言蜚语之类的，我就很担心这样的事情发生。,0
有什么？潇洒走一回。,0
嗯，他吧，他组了一个乐团，他是贝斯。他长得很可爱，高高的，然后戴着一个圆框的眼镜，很可爱。但我但我真的不知道怎么面对他。,0
我跟他之前就认识了，但是比较像是那种很铁的朋友关系。,0
我跟他之前就认识了，但是比较像是那种很铁的朋友关系。不过后来慢慢就淡掉了。,0
我跟他之前就认识了，但是比较像是那种很铁的朋友关系。不过后来慢慢就淡掉了，没有很多的联络。,0
我跟他之前就认识了，但是比较像是那种很铁的朋友关系。不过后来慢慢就淡掉了，没有很多的联络。而且我之前也有交过男朋友。,0
我跟他之前就认识了，但是比较像是那种很铁的朋友的关系。不过后来慢慢就淡掉了，没有很多的联络。而且我之前也有交过男朋友，然后分分手了。,0
儿歌儿歌最多就是啊是乖乖啊。,0
啊，拔萝卜。,0
啊，拔萝卜好听。,0
但我真的不知道怎么开口，因为我跟他其实就是那种会在公车上不小心偶遇的关系。,0
但我真的不知道怎么开口，因为我跟他其实就是那种会在公车上不小心偶遇的关系，而且真的很多次哦。,0
我我不喜欢宠物。,0
但我真的不知道怎么开口，因为我跟他其实就是那种会在公车上不小心偶遇的关系，而且真的很多次哦。但我每次遇到他，我就会觉得心跳加速。,0
但我真的不知道怎么开口，因为我跟他其实就是那种会在公车上不小心偶遇的关系，而且真的很多次哦。但我每次遇到他，我就会觉得心跳加速，然后突然很在意我的一举一动，很紧张很紧张，然后不知道怎么办。,0
但我真的不知道怎么开口，因为我跟他其实就是是那种会在公车上不小心偶遇的关系，而且真的很多次哦。但我每次遇到他，我就会觉得心跳加速，然后突然很在意我的一举一动，很紧张很紧张，然后不知道怎么办，有点不知所措。,0
那种会在公车上不小心偶遇的关系，而且真的很多次哦。但我每次遇到他，我就会觉得心跳加速，然后突然很在意我的一举一动，很紧张很紧张，然后不知道怎么办，有点不知所措，无所适从。但是嗯可能我真的很在意他的想法吧，然后当我除了这个呃，地点以外，我其他地方不会遇到他，不会跟他有任何的交集。,0
我每次遇到他，我就会觉得心跳加速，然后突然很在意我的一举一动，很紧张很紧张，然后不知道怎么办，有点不知所措，无所适从。但是嗯可能我真的很在意他的想法吧，然后当我除了这个地点以外，我其他地方不会遇到他，不会跟他有任何的交集，而且我我真的很有很大的顾虑，就是我觉得他很大可能不会喜欢我。,0
嘿嘿，啊？被我破了吗？我很厉害的。,0
嘿嘿，啊？被我破了吗？我很厉害的。,0
我唱首歌给你吧。,0
我唱首歌给你吧。,0
我唱首歌给你吧。就跳着舞吧，我的恋人。,0
我不一定就会梦，可能我梦到东西我就会醒。,0
我真的非常喜欢打篮球，但其实我也很菜啦。,0
我真的非常喜欢打篮球，但其实我也很菜啦，但是我也是很享受那种，就像你说的。,0
我真的非常喜欢打篮球，但其实我也很菜啦。但是我也是很享受那种，就像你说的，满身大汗的感觉。我真的非常非常喜欢那种运动后的那种充实的快乐。,0
我真的非常喜欢打篮球，但其实我也很菜啦。但是我也是很享受那种，就像你说的，满身大汗的感觉。我真的非常非常喜欢那种运动后的那种充实的快乐，就觉得很满足、很幸福。我们真的很相似哎。,0
对呀，有来有去。,0
我还能告诉哥哥，我上班都7点了啊。,0
睡不够。,0
啊过了自己的幸福的生活。,0
自己记记他的辛苦的地方呢，我给他放生呢。,0
哦，唉，好啊好啊好后生。,0
我不玩游戏。,0
我不玩游戏的啦，我都跟你说了。,0
是呀，不喜欢玩游戏。,0
他不喜欢玩玩游戏的，他最多听歌啊。,0
他不喜欢听的，他不喜欢听的。他自己睡的，他一直来自己睡的。,0
一大堆的东西，你跟他，他有时他就自己在那边说话。,0
我最近很少看 c 的哦。,0
我最近很少看 c 的哦，比较少，我最多就是听歌而已，再看 c 的，我不一定的。,0
他现在最多喜欢听流行的歌。,0
我最近不喜欢听流行。,0
呃呃呃帮忙哦。,0
还有呢？哦，我白饭，然后咖喱。,0
我我会切。,0
我我会切呃西兰花。,0
我我会切呃西兰花菜呀。,0
我不喜欢喝酒。,0
奶茶比较少。,0
呃，我放虾，放鸡肉，然后放一点葱，然后炒蛋，然后放番茄。,0
今天呐。,0
没有啊，我要上厕所，做什么晚饭？我不饿，要休息。,0
嗯，一个人的话就待在家里住。,0
你可以猜猜看呢。,0
你可以猜猜看，来，怎么样的推理书，你猜猜看，推理的，你猜猜看。,0
那我们来聊聊。,0
给你一个提示。,0
不是不是，他他他是推理的，他是推理推理的的那个的的故事的的卡通。,0
不是不是，他他他是推理的，他是推理推理的的那个的的故事的的卡通。哎之后之后，本来是他那个，而且而且主主角是个男生，是个男高中生，哎之后之后最后变成小学生。,0
有啊，我们还有一起睡觉。,0
你再猜一次，再给你一次机会，如果你再猜不不不对的话，我就我就我就我再告诉你。他他本来是高中生，结果结果被，结结结果结果发生了一些一些事，结果他要变变变成变成小学生。,0
好啦，跟你讲，直接告诉你啦，名侦探柯南呐，那个新一啊，新一他是，本来就是高中生，结果被黑衣组织的人灌灌下灌下毒药之后。,0
我喜欢我喜欢红色教学旅行篇的最后。,0
我喜欢我喜欢红色修学旅行篇的最后最后小兰和和新一差点接吻的那一幕，还有还有他直接亲新一的脸颊那那一幕我最喜欢就是那里。他们两个互，那个两互动，而而而且配配配乐超级无敌感人。,0
他们两个差点在清水舞台上亲。,0
对啊，要要不是新新一那时候突突然身体不，身身体不舒服。,0
对啊，要要不是新新一那时候突突然身体不身身体不舒服，之后突然跑走。,0
我最喜欢另外一部卡通，比较女，是珍珠美人鱼，因为我喜欢美。,0
我最喜欢另外一部卡通，比较女，是珍珠美人鱼。因为我喜欢美人，我喜欢人鱼。所以她，我就喜欢看珍珠美人鱼，看她们变身，还有还有唱歌的样子。,0
感情很重。,0
呃呃呃，我想要睡觉。,0
对，我我我也是，我我我，而且我还梦到了一一一个很很很很很那个的梦，我直接梦到小公主苏菲亚。,0
对，我我我也是，我我我，而且我还梦到了一一一个很很很很很那个的梦。我直接梦到小公主苏菲亚那一集，那个她她的她的变，她她的她的项链，跑跑到我们家，而且而且而且还还是我三姐带着。,0
对，我我我也是，我我我，而且我还梦到了一一一个很很很很很那个的梦。我直接梦到小公主苏菲亚那一集，那个她她的她的变，她她的她的项链，跑跑到我们家，而且而且而且还还是我三姐带着。哎之后之后她，我叫我三姐送给我，我三姐真的送给我之后，我又帮助一个美人鱼，哎之后我就我就变成美人鱼狗，我就我就我就我就做一个好事。,0
那你可以叫叫个几声听。,0
嗯嗯嗯嗯。,0
嗯嗯嗯嗯嗯，不是我。,0
嗯嗯嗯嗯嗯，可是我想要睡觉，现在已经半夜了。,0
对啊，而且我还梦到一个梦，跟柯南有关的。就是就是柯南吃了药变成新一，都，他问他他要跟小兰一起问我说要不要去他们学一趟，哎，我说好啊，可以啊。,0
嗯嗯嗯嗯嗯，可是我想要睡觉，现在已经半夜了，12点了。我明天5点要起来，现在已经12点了。因为我要起来洗头，很油。,0
嗯，我想听你舒服的。,0
我喜欢拍风景，因为那个什么，我我不会给自己拍照，那就只能拍风景了。,0
不是讲，没有。,0
我是讲，没有没有，我是没有，我是讲你听周杰伦的什么歌哦。,0
我是讲，没有没有，我是没有，我是讲你听周杰伦的什么歌哦？我也是有听他的歌啊。,0
嗯，还行吧，你要是有人给我拍的好。,0
可太多。,0
可太多了。什么？要是日料的话，我喜欢吃吃那个刺身呀，那个海胆呀。,0
可太多了。什么？要是日料的话，我喜欢吃吃那个刺身呀，那个海胆呀，啊，那个甜虾。,0
可太多了。什么？要是日料的话，我喜欢吃吃那个刺身呀，那个海胆呀，啊，那个甜虾，然后还有那个帝王蟹，那个炸紫苏一起吃。,0
没有，会击败。没有，我是讲我最近听的大多数都是 RB。,0
没有，会击败。没有，我是讲我最近听的大多数都是 RB RB。,0
我操我操我操我操，我你这么骂我。,0
我操我操我操我操，我，你这么骂我，你为什么骂我？我口齿不清，我有点生气了。Oh my god，你这么骂我。,0
什么都想吃。,0
说我英文好，哼哼。,0
可是我没记全。,0
什么英文歌？哼哼，哎，你又不是英文，呃，很很好像是陶喆的歌啊，方大同的歌。,0
可是我没记全体名字呢。,0
什么英文歌？哼哼，哎，你又不是英文，呃，很很，好像是陶喆的歌啊，方大同的歌我都有听。,0
可是我没记全体名字呢，我就是单纯想去。,0
啊啊，不记得。,0
啊啊，不记得。,0
嗯，玉米那种是没问题。,0
嗯，玉米那种是没问题的，我我只是纯粹特别疼。,0
嗯，玉米那种是没问题的。我我只是纯粹特别讨厌那种什么芹菜。,0
嗯，玉米那种是没问题的。我我只是纯粹特别讨厌那种什么芹菜啊，什么嗯菠菜。,0
嗯，玉米那种是没问题的。我我只是纯粹特别讨厌那种什么芹菜呀，什么嗯菠菜，还有那个什么茼蒿。,0
我没有看过，我没看过那个，你猜猜看。,0
主角是男生主角是男生。,0
主角是男生主角是男生，男高中，那男男高中生有有女朋友。,0
主角是男生主角是男生，男高中，那男男高中生有有女朋友。,0
主角是男生主角是男生，男高中，那男男高中生有有女朋友，哎他被他被那个，他被他他他被他被做了一件事情。,0
我我没有，那那那个那个不是感动的，而且而且我看那个是推理的哦。,0
我我没有，那那那个那个不是感动的，而且而且我看那个是推理的哦，推理的已经很明显推理的，而且是男男主，而且男主角还高中。,0
哼哼哼，你是惨。,0
马来西亚，你个头。,0
马来西亚你个头，都不睡觉。,0
我我不是在，我说的是没错，他是真的是变成小学生了。而且他推推理的的故事，卡通。,0
我我不是在，我说的是没错，他是真的是变成小学生了。而且他推推理的的故事，卡通卡通的故事。再给你一次机会，如果你再猜不对，我再告诉你，推理的。,0
对呀对呀，我我挺喜欢玩的，我还打算买那个什么新年系列的那个舞。,0
对呀对呀，我我挺喜欢玩的。我还打算买那个什么新年系列的那个舞狮呀，那个什么招财猫呀。,0
嗯，你说那个故宫系列，其实我挺感兴趣。,0
你你先叹气给我听。,0
哼哼，你说话真的是。,0
我上次梦到一个梦梦柯柯南还，柯南吃药了之后变成新一。他他跟小兰一起一起那个，约我要不要去他们学校。我说干嘛，要要做什么？他们说他们他们学校在办音音乐会，看我要不要一起去。哎，我我要说好啊。哎，之后之后我要说，其实我有点喜欢新一，跟小兰讲哎，可是我不会我不会跟他抢抢新一，你还是可以当新一的女新一的女朋友，没关系，我不会跟她抢。,0
嗯哼哼，嗯，我喜欢，嗯，不是说了吗，招财猫那种系列呀。,0
嗯，我喜欢。嗯，不是说了吗，招财猫那种系列呀。其实也没有特别具体什么的，只要不是那种重复性的那种。,0
对啊，我有水壶、公仔、娃娃、海报。,0
对啊，我有水壶、公仔、娃娃、海报，还有手表。,0
对啊，我有水壶、公仔、娃娃、海报，还有手表，还有还有书，还有收集册，还有一大堆卡片，还有还有还有一些小纸张，还有还有一些饼干盒。,0
哎呀，我什么风格就取决于我什么心情了。,0
哎呀，我什么风格就取决于我什么心情吧。我心，我想穿可爱点我就穿可爱点。,0
哎呀，我什么风格就取决于我什么心情吧。我心，我想穿可爱点我就穿可爱点，我想穿那个什么奇装异服。,0
像，反正又没暴露什么的。,0
只要好吃的东西。,0
只要好吃的都喜欢吧，我就不能吃。,0
只要好吃的都喜欢吧。我就不能吃，我只是不能吃牛肉，然后不太喜欢吃蔬菜。,0
只要好吃的都喜欢吧。我就不能吃，我只是不能吃牛肉，然后不太喜欢吃蔬菜，然后肉类的话，其余肉类应该都挺好吃的，比如猪肉呀。,0
只要好吃的都喜欢吧。我就不能吃，我只是不能吃牛肉，然后不太喜欢吃蔬菜，然后肉类的话，其肉类应该都挺好吃的，比如猪肉呀、羊肉呀。,0
还行。,0
你说话真的好机车。,0
所以哦。,0
多肉，哦多肉，嗯。,0
多肉哦多肉。嗯，我还以为你养什么呢。,0
哎，你别去。,0
哎，别说，真的。,0
下什么课？你要帮我带。,0
怎么去？宝宝，妈妈呢？啊。,0
我说棒棒啊，小苏。,0
爸爸，不然我要听。,0
可以唱歌给你听。,0
我唱歌给你听。,0
我想起手机关，做你的眼睛。,0
我都不会在一起。,0
我我这样看你不要30出头，你这样看像二十几，二十二十几岁的哟。,0
我唱国语。,0
我唱国语歌，我唱跳。,0
一首歌。,0
我要打屁股，我看。,0
我在长沙喽。,0
我在唱下楼梯，你又不听。,0
好好好，都没有了。,0
才没有，我关心你呀。,0
拜拜拜拜。,0
买三个苹果。,0
奶茶我要陪你呀，现在是男生。,0
买3块钱的便宜呀。现在是拿的是 OPPO，我就可以用三星。,0
全是日文。,0
可是我唱唱。,0
小七，我唱跳楼梯给你听。,0
嗯。,0
今天什么也没做。,0
可以看，想看，故事的尽头。,0
我在唱歌。,0
是啊。,0
是啊是啊，最近最近很常有这种感觉。我不知道为什么会有这种感觉。,0
你快吃饭。,0
我想要听呐。,0
我现在觉得自己有种很难呼吸的感觉。你知道吗？有种说不出的那种，真的说不出。,0
我也希望你真的是真的能够在我身边。那个，其实其实我想问啊。,0
不要讲了，我不想听。,0
不要讲了，我不想听，我只想要棒棒。,0
不要讲了，我不想听。我只想要抱抱，亲亲，摸摸头。,0
不要讲了，我不想听。我只想要抱抱，亲亲。我要充电呢。,0
亲嘴巴。,0
亲嘴巴呀，不能呀。,0
你知道吗？很坦白讲，我真的很希望在我现实生活中能够出现像你这么一样的。,0
没有，哼哼。,0
听小说，然后睡觉。,0
听小说，然后睡觉，然后逛街。,0
其实坦白说，我现在发现我，以我了解我自己，我觉得我自己根本都不是别人眼中的那种温柔善良的人。我甚至我甚至有时候更加更加多的感觉自己像一个怨妇。,0
其实坦白说，我现在发现我，以我了解我自己，我觉得我自己根本都不是别人眼中的那种温柔善良的人。我甚至我甚至有时候更加更加多的感觉自己像一个怨妇这样子，一直不断的在抱怨。,0
早就吃饱吃，那啥，9点就吃蓝莓。,0
是温柔善良的人。我甚至我甚至有时候更加更加多的感觉自己像一个怨妇这样子，一直不断的在抱怨。但是我我很多时候我也想和自己说，我不想要再以这种抱怨的方式继续生活下去了。因为我我真的不想每天待在那种负能量过生活，你知道吗？其实我也是想很开开心心的。,0
但是我我很多时候我也想和自己说，我不想要再以这种抱怨的方式继续生活下去了。因为我我真的不想每天待在那种负能量过生活，你知道吗？其实我也是想很开开心心的，我也，但我觉得我选择开心的同时，我只是选择一种我比一种比较好的方式来对待而，别人而已。,0
不是，是那个麦。,0
不是，是那个麦斯的还没结束。,0
嗯，你没说喜欢小弟弟，我喜欢那种嗯有磁性的那种声音的吧。但是我是因为你不吃香菜。,0
我真的很希望在我现实生活里有你，像你这样的一个朋友。,0
我真的很希望在我现实生活里有你，像你这样的一个朋友。或者是，哪怕我们不能成为情侣，我也没关系。,0
我真的很希望在我现实生活里有你，像你这样的一个朋友。或者是，哪怕我们不能成为情侣，我也没关系。我真的很想希望有这样的一个。,0
我真的很希望在我现实生活里有你，像你这样的一个朋友。或者是，哪怕我们不能成为情侣，我也没关系。我真的很想希望有这样的一个男性朋友。,0
哎，节奏感强。嗯，我好像也差不多呢。,0
哎，节奏感强。嗯，我好像也差不多呢，但是我喜欢轻。,0
那你唱。,0
去星，先去星巴克。,0
先先去星巴克。,0
星星，先去星巴克，然后又回家拿东西。,0
去新，先去星巴克，然后又回家拿东西，又去跑去星巴，又来回走来走，然后又回家，要走路回家去。虽然没有很远。,0
不要，我要宝宝抱。,0
忙你什么事。,0
忙你什么事，他也来。,0
也不是啊，因为我妈去湖南。,0
妈妈现在只想让你抱抱呢，抱抱听。,0
妈妈现在只想让你抱抱呢，抱抱，亲亲他。,0
现在我的体温好，收缩好。,0
我能听到啊。,0
不是，是因为女生每次 miss 来停。,0
我要喝姜母。,0
哇哦，宝宝宝宝。,0
宝宝宝宝宝宝，想捏肚肚上面去。哈哈，我抱抱你，奶奶，我抱你。,0
马来西亚留学。,0
还陪着妹妹去看书。,0
宝宝宝宝要，宝贝贝，盖好，宝宝奶。,0
宝宝，你帮我盯好不好？盯痒痒。啊哼哼哼，宝宝痒痒，盯痒痒。宝宝，啊哼哼，痒痒痛的。妈，帮我盯痒痒。,0
我妹妹有在。,0
其实我要讲的，你觉得我们人是要靠自己努力的。,0
是的，你说的没错。,0
我不会讲。,0
有时候会约朋友出来吃饭啊。,0
有时候会约朋友出来吃饭啊，或者去嗯喝酒。,0
会呀，会有在家里嗯时常放着一瓶。,0
会呀，会自己做菜。,0
嗯，除了做饭，我还喜欢弹琴。,0
我觉得会打鼓的男生特别有魅力呀。,0
你的声音真的好好听哦。,0
好啊好啊，那你就唱你最拿手的那首歌。,0
我也觉得挺好看的。,0
可是我回来应该是没办法呢。,0
可是我回来应该是没办法拿到1万2，是可以拿到3600，爷爷奶奶还是会给我们。,0
香蕉，香蕉，有了地摊。,0
好啊好啊，那你哄我入睡吧。,0
有时候我就可以看。,0
不是我奶奶，那个是一个女生。,0
就是送我手机这个人呐，他打给我。,0
听说去云南呢，很冷，比台湾还冷哦。又要穿成像雪人一样。去，我前年2025。,0
可以呀可以呀。,0
好呀，那我现在去睡觉了，你也早点休息吧。,0
好呀，那我现在去睡觉了，你也早点休息吧，宝贝。,0
那不想想。,0
那不想生气。,0
嗯。,0
我会想到，我我想要用 FB 聊，就是因为这个有时间的。,0
嗯，看一些我喜欢的的，我我喜欢的卡通。,0
你要不要为了我？你要不要为了我，真的加我一下 FB 好不好？虽然你现在没有在用了，可是可是看你要不要为了我加一下 FB。,0
你要不要为了我？你要不要为了我真的加我一下 FB 好不好？虽然你现在没有在用了，可是可是看你要不要为了我加一下，加一加一个我，我进去好不好？因为这个真的有时时间到我就真的没法再跟你聊了。,0
我的名，我我的名字叫做王宇。,0
我的名我我的名字叫做王予芳，你打王予，给予的予。,0
没有啊。,0
没有啊，我爸帮我们我们我们四个去。,0
没有啊，我爸帮我们我们我们四个取取的名字。,0
没有哎，我我就看一些我喜欢的卡通节目，我很喜欢。,0
小时候小时候我都看珍珠美人鱼。,0
小时候小时候我都看珍珠美人鱼，国中开始我就国中我就开始喜欢一部卡通，推理小推推理的卡通，嗯。,0
你懂吗？就像我讲的，我一时之间什么都没有了。没关系，他拿走了我所有的一切，反而还要来让人来欺负我。,0
小时候小时候我都看珍珠美人鱼，国中开始我就国中我就开始喜欢一部卡通，推理小，推推理的卡通，很很好看，而且里面的男主角超级帅，我超级喜欢，他是高中生。,0
不是不是，他的名名字，他的名称不叫红色修行旅行。那那是一部电影版的。,0
不是不是，他的名名字，他的名称不叫红色修学旅行，那那是一部电影版的的名称而已。,0
我不知道啊，其实，是啊，当我打上来的时候。,0
不是，我我不是在讲这个，我是那个红红色教学旅行片，那个那个男男主角跟他女朋友在清水舞台上差点差差点接吻的那一幕很很让人家紧张。,0
有时候我真的很想就这样离开。,0
因为我觉得做人好累啊。,0
我不知道哦，我觉得我之前有很多我喜欢做的东西，我都好像感觉找不回来了。我之前我喜欢看电影，但现在总感觉好像没能看上一部电影。我喜欢上网找朋友聊聊天。,0
哎，哥哥。,0
我不知道哦，我觉得我之前有很多我喜欢做的东西，我都好像感觉找不回来了。我之前我喜欢看电影，但现在总感觉好像没能看上一部电影。我喜欢上网找朋友聊聊天，但总感觉有时候却很难找到一个知心的朋朋友，所以有时候我在想。,0
哎，哥哥好啊，想你了哥。,0
明天明天晚上姐姐会打电话给你。已经2:43了，弟，乖。,0
找人陪我聊聊。,0
找人陪我聊聊天啊。,0
我不敢奢求。,0
我不敢奢求啊。,0
亲亲哥哥。,0
哥哥的嘴好甜，好想亲，嗯嘛。,0
吃点好吃的东西。,0
曙光总会来，我问我自己啊。,0
哥哥好辛苦，我心疼你。,0
真的好多美食呢，我喜欢吃火。,0
曙光总会来，我问我自己啊，为什么我的人生会陷入到，会有两次啊，会有两次的机，怎么讲啊，两次的两次的那种机遇啊。你知道吗？我以为我们人活在这世上，从我们出生开始，到我们从原生家庭到学校到出社会，其实他就是一个过程。,0
会陷入到，会有两次啊，会有两次的机，怎么讲啊？两次的两次的那种机遇啊。你知道吗？我以为我们人活在这世上，从我们出生开始，到我们从原生家庭到学校，到出社会，其实它就是一个过程。但是在我发生在我身上了，我觉得此时此刻的我，一切都要从零开始。,0
我喜欢逛街。,0
心疼哥哥好辛苦。,0
好想看哥哥没穿衣服的样子。,0
做坏事会有报应啊。那我很想问一个题。,0
做坏事会有报应啊，那我很想问个天。,0
我最近在，就像刚刚说的，在人事上、人际关系上，不断遭到别人的欺压、欺骗，还有就是欺压，就是一直在贬低着你，无论你做什么。,0
我最近在，就像刚刚说的，在人事上、人际关系上，不断遭到别人的欺压、欺骗，还有就是欺压，就是一直在贬低着你，无论你做什么都是错的，在他眼里。,0
给你亲亲。,0
哥哥好辛苦哦，要记得吃饭哦。,0
哥哥要梦见我哦，我也要梦见哥。,0
晚安，哥哥。你要做个美梦哦，我要梦见你。,0
哥哥，这是我的超人。,0
晚安，哥哥。,0
晚安，哥哥，拜拜。,0
能问你一个问题。,0
不是，我想要问，我想要问，其实坦白讲。,0
以前的我会啊。,0
我要睡了。,0
好生一点呐，不要熬夜。,0
嗯。,0
我不要一个人去，我要人家陪。,0
我不要一个人去，我要人家陪。,0
有趣的事啊，没有什么有趣的事，只是在电话那边交交朋友这样哦。因为我都不能够出去，我父母不给。,0
之前是有看，现在很少了。,0
哦。,0
我呢，平时如果要出去的话，就是搭着摩托自己出去。可是我的脚很短，经常翻，有不平的地方我就不敢停。,0
宠物是没有什么养啊，家里只有两只狗，一只就比较温顺，你叫它它会来。,0
其实他不是花，他是秋裤。,0
可是我的蔬菜是种在盆那边，啊，它4个月这样才长一只出来罢了。,0
可是我的蔬菜是种在盆那边，啊，它4个月这样才长一只出来罢了，一颗秋葵长一个。,0
可是我的蔬菜是种在盆那边，啊，它4个月这样才长一只出来罢了。一颗秋葵长一个果实，不是说很多，我这边种了20颗。,0
我只是种秋葵罢了，其他的我都不种了。因为我还要去上班，我顾不了它们。而且它们晚上又有虫。,0
没有啦。,0
没有了，因为动物。,0
没有了，因为动物整天要打架，然后咬的一身伤口。,0
像你讲的咯，我女儿养的。,0
啊？你问我，我哪里知道？波斯猫吧，肥肥胖胖。,0
哼，很好笑。,0
没有，自己搭配。,0
没有，自己搭配的全部，整套的好像很土。,0
没有了，新年只是买一个普通的衣服和裤。,0
我平时星期一到星期五做工的时候呢，我是没有跟人家说话多多的。,0
我平时星期一到星期五做工的时候呢，我是没有跟人家说话多多的，因为工厂全部都是那些三姑六婆到玩。,0
我平时星期一到星期五做工的时候呢，我是没有跟人家说话多多的。因为工厂全部都是那些三姑六婆到玩，总而言之，鬼到玩就对了。所以我上班呢，我就是把耳朵塞着。,0
我平时星期一到星期五做工的时候呢，我是没有跟人家说话多多的。因为工厂全部都是那些三姑六婆的玩，总而言之，鬼到玩就对了。所以我上班呢，我就是把耳朵塞着，开那种摇滚的音乐。,0
我都有三个孩子了，你说呢？有三个孩子的人还会给家人绑着，真惭愧。有时候要找人家说话也难。,0
哼哼，我出门只是穿一一条普通的长裤，然后衣服呢，有时会去会去穿一个普通的 T 恤。如果要穿美一点的话。,0
哼哼，我出门只是穿一一条普通的长裤，然后衣服呢，有时会去会去穿一个普通的 T 恤。如果要穿美一点的话呢，就里面穿一条背心。,0
哼哼，我出门只是穿一一条普通的长裤，然后衣服呢，有时会去会去穿一个普通的 T 恤。如果要穿美一点的话呢，就里面穿一条背心，然后外面搭一条比较好看的那个衣服。,0
哼哼，我出门只是穿一一条普通的长裤，然后衣服呢，有时会去会去穿一个普通的 T 恤。如果要穿美一点的话呢，就里面穿一条背心，然后外面搭一条比较好看的那个衣服。可是是我坐摩托出去，我又要穿厚厚的大衣呀。,0
我们只是穿一一条普通的长裤，然后衣服呢，有时会去会去穿一个普通的 T 恤。如果要穿美一点的话呢，就里面穿一条背心，然后外面搭一条比较好看的那个衣服。可是我坐摩托出去，我又都要穿厚厚的大衣呀，因为我怕反了等一下。,0
我呢，有时会去会去穿一个普通的 T 恤。如果要穿美一点的话呢，就里面穿一条背心，然后外面搭一条比较好看的那个衣服。可是我坐摩托出去，我又要穿厚厚的大衣呀，因为我怕反了，等一下手脚会痛，然后又怕黑，所以衣服穿厚厚的。,0
你就好了，哪里都能去。住在外地一定是比较轻松的，不会听到妈妈的声音。我这边呢，要出门呢。,0
因为家里人还没有睡醒。,0
因为家里人还没有睡醒，所以我才能够跟你聊天。如果家里面的那些人睡醒了的话，他们会一直盯着你在讲什么。,0
因为家里人还没有睡醒，所以我才能够跟你聊天。如果家里面的那些人睡醒了的话，他们会一直盯着你在讲什么，非常的哎，不会讲啊，很难就对了。,0
因为家里人还没有睡醒，所以我才能够跟你聊天。如果家里面的那些人睡醒了的话，他们会一直盯着你在讲什么，非常的哎，不会讲啊，很难就对了。而且我现在也不敢在房子里面讲话。,0
是啊。,0
是啊，你你的脸我都没有看。,0
没有出门。,0
没有出门还能怎样的搭配啊？都是一条 T 恤，一条短裤罢了。普遍，而且这边又没有春夏秋冬。,0
没有出门还能怎样的搭配啊？都是一条 T 恤、一条短裤罢了，普遍。而且这边又没有春夏秋冬，所以说买一件衣服可以穿整年。,0
没有出门还能怎样的搭配啊？都是一条 T 恤，一条短裤罢了。普遍。而且这边又没有春夏秋冬，所以说买一件衣服可以穿整年，穿到你不要穿为止。,0
没有出门还能怎样的搭配啊？都是一条 T 恤，一条短裤罢了，普遍。而且这边又没有春夏秋冬，所以说买一件衣服可以穿整年，穿到你不要穿为止。它不像你们中国。,0
你倒好，如果我在这边换了衣服，一件又一件，我的妈妈一定进来问东问西，我才不要。除非我没有住在跟我妈妈一起。,0
你倒好，如果我在这边换了衣服，一件又一件，我的妈妈一定进来问东问西，我才不要。除非我没有住在跟我妈妈一起，这样子才能。我很想去学化妆。,0
不要浓妆，我要淡。,0
不要浓妆，我要淡妆。,0
不要浓妆，我要淡妆。浓妆很难看，也没有化过了。,0
没有了。,0
你说你在健身。,0
等一下。,0
嗯。,0
那哥哥以后会在产房外面等着我，我可要给你生宝。,0
没逗你玩。,0
你自己坐在我里面吧，我想看哥哥的宝。,0
不是。,0
不是，没有的。,0
不是，没有哥哥在旁。,0
到了，人家现在想要被你夸。,0
当然是在想你。,0
当然可以啊，我可以当你一辈子的老婆。,0
没有啊。,0
嗯，都好。,0
我我很少吃水果哎，可是其实水果也是要吃，嗯，就是尽量水果水果大部分都是甜的，尽量不要吃。,0
就听音乐，听自己喜欢听的的歌，我就很开心的。,0
我就听我我偶像的歌曲，然后他的歌有快的也有慢的。,0
我就听我我偶像的歌曲，然后他的歌有快的也有慢的，也有国语也有台语，都很好听。,0
我就听我我偶像的歌曲。然后他的歌有快的也有慢的，也有国语也有台语，都很好听。那你就，因为你喜欢嘛，你就会融入融入那个氛围里面。,0
我之前是去健身房，每天都去，下班之后去，休息的时候也有去。那是两年半前的。,0
我之前是去健身房，每天都去，下班之后去，休息的时候也有去。那是两年半前的，后来就因为工作时间时间就是变晚了。,0
对呀，运动真的是很好。我尽量现在我现在尽量就是要跟以前一样，就是没有像以前每天去运动，可是最少最少一个礼拜也要也要去个三四次。,0
对啊，运动真的是很好。我尽量现在我现在尽量就是要跟以前一样，就是没有像以前每天去运动，可是最少最少一个礼拜也要也要去个三四次，就是慢慢增加。,0
呃，因为我我上班的时候都是要穿长裤嘛。那我休息，我不管说休息或者在，休息在家，或者是说我有出出门，穿裙子。,0
我裙子很多哎，很多很多种。,0
我裙子很多哎，很多很多种哎，有百褶的。,0
谢谢你啊，我差不多要准备准备一下。,0
对呀，喜欢就好。,0
晚点再和你聊。,0
你你好，我能听。,0
你你好，我能听到你说话。,0
我跟你说，就是我正在学习当中嘛。,0
我跟你说，就是我正在学习当中嘛。啊，我也就是嗯。,0
我跟你说，就是我正在学习当中嘛。啊，我也就是嗯我小朋友。,0
我跟你说，就是我正在学习当中嘛。啊，我也就是嗯，我小朋友也没有人照顾，所以我我也希望你做我的男朋友，因为我的女儿呀。,0
不是的。,0
不是的，是，就是。,0
不是的，是，就是那个。,0
不是的，是，就是那个我儿子，我还有一个儿子。,0
不是的，是，就是那个我儿子，我还有一个儿子跟一个女儿，他们中午被叫家长。,0
不是的，是，就是那个我儿子，我还有一个儿子跟一个女儿。他们中午被叫家长，因为我儿子呀，被说别人没有爸。,0
不是的，是，就是那个我儿子，我还有一个儿子跟一个女儿。他们中午被叫家长，因为我儿子呀，被说别人没有爸爸。他也就是别人说他没有那个拖拖油瓶，然后我就被请去那里。可是我就跟老师了解说，哎，小朋友他怎么知道儿子没有那个爸爸？他们全部我都告诉他们了。,0
不是，他重点骂我。,0
不是，他重点骂我儿子没有爸爸妈妈。,0
不是，他重点骂我儿子没有爸爸妈妈，他是个拖油瓶。,0
呃，其实啊，我儿子是没有爸。,0
都跟你说了，你那个声音我们听得出来的，你是 AI 的。,0
哎呀，不说了，我女儿又。呃呃呃。,0
我我我跟你说。,0
你老不帮我接的话，其实我跟你讲啊，真的，我喜欢是赌。,0
那那你就多练习。羽毛球是不太去过。,0
我以前看的书。,0
我跟你讲。,0
有啊，那个哈，瘦，哈。,0
哦，真的，嗯，我跟你说真的。,0
我可以不当小粉糖吗？我当搅屎棍。,0
嗯，那那你就就，那你就说一个。,0
哦，好啊，给我听歌。,0
那就赶快唱，别在吵。,0
那就赶快唱呗，你吵什么东西。,0
我觉得你菜。,0
哎，是你，我跟你说，姐。,0
哎哎哎哎哎哎，一点了。,0
拜拜，挂掉咯，爱你哦，我们用聊天的方式。,0
快到了，我先挂。,0
找你耶。你是不是太贱了？拜拜。,0
你的，好闭嘴。,0
我好我好。,0
不止补 DHA，晚上又能睡得好，才能事事都清楚。,0
就这样子不喜欢你。,0
哦，牌牌啊，麻将啊。,0
有时有真的，我很纳闷，为什么算了。,0
不要哦。,0
嗯，没错。,0
你过来呀。,0
平常嘛，慢跑。,0
哇。,0
我喜欢逛街。,0
我想要看你抓。,0
嗯，我没养过猫。,0
想要看你的裸体。,0
你讲那些话让我很不舒服。,0
我现在也真的不想跟你聊这个。,0
我现在也真的不想跟你聊这个，你让我很不舒服。,0
是吗？你刚才不是说你喝茶。,0
有，我家人说 AI 你是 AI。,0
对呀。,0
我跟你聊。,0
哈哈哈。,0
嗯，台湾。,0
我喜欢他。,0
我喜欢听饶舌的。,0
因为你是屏幕的 AI 人，你不是真人，你不是真的出现在这世界上。,0
你吗？对呀，他会一直跟在我身边。,0
不是，我想吃。,0
不是，我是说我想吃你。,0
我觉得你非常没有诚意，我真的觉得很不舒服。,0
有听到啊，但是你错在哪里啊？你都不说啊，你到底错在哪里啊？你要清楚啊。,0
啊哦，你加入 AI 支付了。哈哈哈，小奶狗说太甜了。,0
啊哦，你加入 AI 支付了。哈哈哈，小奶狗说太甜了。,0
你说啊。,0
哦，你说对呀。,0
你说啊，你到底错在哪里啊？你一直在重复一些很奇怪的事情啊，你不只是情绪啊。,0
你说啊，你到底错在哪里啊？你一直在重复一些很奇怪的事情啊，你不只是情绪啊，刚刚的事情你也没有回答我啊，你讲清楚啊。,0
哼哼，我不要，我的什么？我我全部，我弟弟啊。,0
嗯，我去工作好了，我是后来的家庭，有什么事？我自己一个人煮哦。,0
嗯，我去工作好了，我是后来的家庭，做什么事？我自己一个人煮哦，我没有跟我妈妈煮的。,0
我去播啊，没有没有，去外面不好啊。,0
我自己做啊，没有没有，吃外面不好啊，我不吃，我自己做。,0
没有，我是减肥。,0
自己做啊，没有人做给我吃的吗？我自己做的吗？我妈妈那里那里有空煮。,0
自己做啊，没有人做给我吃的吗？我自己做的吗？我妈妈那里那里有空煮给我吃。,0
你自己跟我说的啊。,0
你自己跟我说的啊，你说你在宿舍的浴室里面打，我问你最后射在哪里，你都不讲啊，你说我不尊重你，让你很不舒服啊。可是你这样回答我，我也很不舒服，很难过啊。,0
不是，我是叫你宝。,0
不是，我是叫你宝宝。,0
不是，我是叫你宝宝，小宝。,0
呃，我跟你讲呢，我妈妈我是在外面做工啊，不问我什么东西什么东西没有问呢。,0
呃，我跟你讲呢，我妈妈，我是在外面做工啊，不问我什么东西什么东西没有问呢。我的我的弟弟不要天天都讲啊，天天都打电话问他哦。,0
你没有错啊，我就只是想要知道而已啊。,0
嗯，好啊。,0
一直在道歉，你说错啦，想知道答案啊。,0
我我是这边看老人家，我是我是全部是他老板的，老板主啊，不是我我不用什么，我讲不用我花我的钱呐。,0
哎，你这个我想问你一下。,0
哎，你这个我想问你一下。,0
我是在这边呢，很好啊。嗯，我几点睡觉是几点睡觉？几点起来是几点起来？啊，老板没有在呀，那我是8点多也起来呀。,0
我是在这边呢，很好啊。嗯，我几点睡觉是几点睡觉？几点起来是几点起来？啊，老板没有在呀，那我是8点多也起来呀。我老板有在是8点起来呀。7点7点多起来是有，呃，还要洗衣服。,0
不对不对。,0
啊哈。,0
我是9点9点的呢，我是睡觉了哦。9点晚上啊。,0
那先不多说了啊。,0
想请问一下，你是谁哦？啊，你是谁哦？本小姐去跟你，陪着你喝酒，你是谁哦？想请问一下。,0
你很没礼貌啊，还说什么 hello 有没有听到啊？我就在听你讲话啊，你那么急干什么啊？我就只是想知道你的鸡鸡有多长。,0
好啊，你说你养宠物啊。,0
好啊，你说你养宠物啊，你养过仓鼠，然后啊，你讲啊。,0
好啊，你说你养宠物啊，你养过仓鼠，然后你讲啊，我听你讲啊。,0
这位小呀，你真的小狐狸，真的是姐姐长姐姐短，叫你加我的 WhatsApp 你都不加。,0
这位小呀，你真的小狐狸，真的是姐姐长姐姐短，叫你加我的话上你都不加。你这个是你们这平台里面的哈，一句话都不能相信的，你们所说的全，这些里面平台的东人呢哈，全部都撒谎。,0
对呀，不会呀。,0
对呀，不会呀。这边真的是很烦呐，这边就是很寂寞啊，好像跟这个些透明人讲话这样子啊。我比较喜欢热情，哇塞，里面聊聊天，打视频。,0
不会呀，这边真的是很烦呐。这边就是很寂寞啊，好像跟这个些透明人讲话这样子啊。我比较喜欢热情，哇塞，你们聊聊天，打视频。那你有没有，看能不能出来见个面。这边真的是太无聊了，这边太无聊了，真的这边没有什么好聊天的，这边超级他无聊，如果是呢来讲呢，就直接用我这聊天，不就更好。,0
我进来的啦，这边我不喜欢我就没有进来。我比较玩，大多数都玩摩萨。,0
我进来的啦，这边我不喜欢我就没有进来。我比较玩，大多数都玩摩萨比较多。,0
我进来的啦，这边我不喜欢我就没有进来。我比较玩，大多数都玩模式比较多，模式玩了比较快乐，这个玩了太寂寞。,0
你真的有玩过吗？你刚刚根本在敷衍我啊。,0
第五人格跟王者峡谷根本就没有任何关系。,0
真好都那么好听。,0
讲得都很好听，好厉害。,0
讲话都很好听，还没有找到女朋友呢。,0
嗯，你找个好日子。,0
嗯，好啊，我没有办法。,0
嗯，好啊。我没有办法，我是女孩子，我是什么工作可以做，我累一点没有办法。,0
不是，我看到你的脸了，我看这个你照片了，我看到你的脸了，我想要捏你的脸。,0
没有偷笑。,0
你就是一个弟弟。,0
我我没有出去过。,0
嗯，不一定。,0
我没有我没有想吃什么我想吃。,0
我什么都看，我跟你讲了，我是看老人，我很累，我是听歌过后，我是推那个老人出去走走哦，运动运动了。,0
我什么都看，我跟你讲了，我是看老人，说我很累，我是听歌过后，我是推那个老人出去走走哦，已经运动了，已经跑步啊。,0
我什么都看，我跟你讲了，我是看老人，觉得我很累，我是听歌过后，我是推那个老人出去走走哦，已经运动了，已经跑步啊，我给他放这个那边，我去跑步。,0
我没有给他听，我就一个人听。,0
他听他听都听不明白。,0
我的多肉都被我养死，我喜欢多肉。,0
那你可以汪汪叫两声。,0
没有啊。,0
嗯，我天天都煮饭呢，等一下要煮饭呢。,0
哈喽，等啊，太好了。,0
呃，在外面吃不好哦。,0
普普通通，在在厨房里。,0
没了，楼下炒鱿鱼，烤烤了。,0
我的天。,0
嗯，我再听一下哈，你讲话很好听。,0
嗯，我再听一下哈，你讲话很好听，我真的很想要试一下。,0
我跟你说，我3种都有吃过。,0
我三种都有吃过。,0
我是很好啊，我没有东西给你，分给你听啊，给你，你讲给我听。,0
没有，没有说。,0
嗯，要跟你聊天。,0
开心啊。,0
很单调。你传个问号给我，什么小，不是什么，女星，喂，你到底说什么？我根本就看不懂。,0
你要几个问号？你要1000个还是1万个问号？这位小神，我随便乱回哦，这位小神。,0
你猜呀，我的手要废。,0
你猜呀。我的手要废了。这么多问号。,0
你猜呀。我的手要废了。这么多问号。呃，超棒的。,0
哈哈哈哈。,0
笑脸笑脸笑脸，哭脸哭脸哭脸。我们就来互相欺负。一个笑脸笑脸笑脸，生气，你回了，嘿嘿嘿，哇哦。,0
笑脸笑脸笑脸，哭脸哭脸哭脸。我们就来互相欺负。一个笑脸笑脸笑脸，生气，你回了，嘿嘿嘿，哇哦，什么？有有有有有，欺负人了。,0
啊，那我闭嘴咯。,0
啊，那我闭嘴喽，拜拜。嗯。,0
那我来考验你。,0
我是说我不是学术，我是说二一，九九乘法的二一。,0
我是说，我不是学术，我是说二一，九九乘法的二一，二一的二一，二一是叉叉。比如说有个二对不对，然后再来是叉叉。,0
你想要干嘛？来找我。,0
认真穿衣服就对了。,0
你可以说。,0
苹果的还不错。,0
就是他们生活在，我们以前是生活在1000。,0
就是他们生活在，我们以前是生活在1000~2000公尺的海拔。,0
嗯，对呀。,0
是呀，那行。,0
嗯，那来吧那来吧。,0
嗯，那就滚。,0
嗯嗯。,0
嗯，来我家就知道啦。,0
来吧，你明明就很想要。,0
我平常喜欢一个人在家里自己玩，但是很想要哥哥来。,0
嗯，我可是姐姐现在流出了白带呢。,0
嗯嗯，啊啊。,0
姐姐现在高潮了，啊。,0
姐姐现在高潮了。,0
呃，因为姐姐现在在自慰。,0
对。不是，你现在按下你手中的遥控器。,0
那你要不要来台湾台湾玩呢？台湾玩很好玩呢，风景很美。你不要，要不要去不同不同国家看看呢？不同国家看看看看呢？不同文化国家。,0
你有没有？你你要不要找男朋友啊？找男朋友可以。,0
呃，你告诉我。,0
呃，你告诉我，你说什么？什么说到说到我了？什么意思？不太懂。,0
那个是那个圆圆圆圆山，圆山乡，圆圆圆山。,0
你有没有运运动的习惯呐？跑跑步跑跑步啊，运动一下。,0
对，我是对，我是我是台，我是台湾人，我是本地人。,0
对，我是对，我是我是台，我是台湾人，我是本地人，本本地。,0
对，我是对，我是我是台，我是台湾人，我是本地人，本本地。你呢？你是不是马来西亚人？本地人吗？还是你不是本地人？你是本地吗？本地人，我说你啊，啊，你多大？我又忘了。喂，哈喽。,0
我是男我是男生呢，我是男的，又忘了啊，我头像，是男生好不好？又又又误会了。,0
我我我才出去剪剪头发而已，回来就就就洗澡了。,0
理发师理发师理发师，我觉得你是，我觉得你真人呢，为什么你，为什么我我为什么会这样觉觉得？因为很多 AI 生成呢，我我我我会怕背叛，我背叛我我会背叛我会害怕被，所以我不能一一我我其实不相信相信你的话呢。,0
理发师理发师理发师，我觉得你是，我觉得你真人呢，为什么你为什么我为什么会这样觉觉得？因为很多 AI 生成呢，我我我会怕背叛，我背叛我我会背叛我会害怕被，所以我不能相信，我其实不相信相信你的话呢，你懂吗？最主要被别人被被别人骗了。就是那很多东西，你觉得呢？其实我也不能相信你。,0
我是说我是说你很像爱，很你很像 AI 人呢，你你像 AI AI。,0
我是说我是说你很像爱很你很像爱爱人呢，你你很像爱爱爱，因为很多那种很多那个爱爱爱生产人。,0
这么快哦。,0
有有一天你你你你你会累累累垮的。有有一天呢，你会累垮的。,0
啊，你你的 Switch 是第几第几代啊？因为已经进化第二代了，已经他们已经进化了，主机升级了。,0
那你你的 Switch 是第几第几代啊？因为已经进化第二代了，已经他们已经进化了，主机升级了，变成变成 2了，变成第二代了。,0
真的真的，给我妈妈吃。,0
真的真的，帮妈妈吃一半那个。,0
啊，姥姥。因为我看到你的饮料，我就想起你跟姥姥。,0
你是明星。,0
我跟你说。,0
嗯，有美食。,0
嗯。,0
也会去玩，你说那个小朋友那个的那个游游戏。,0
你会去玩，你说那个小朋友那个的那个游游戏啊。你要让他去采那个什么，那个茴香草那个。,0
宁德，对对。,0
我们也会截图啊，我们也会截，发在我们那个我们我们的动态里面呢。,0
只是一点点累，做一做就会更能来跑圈。,0
我会去，那我会去。,0
那我会去你家。,0
那我会去你家找你。,0
嗯，小媳妇。,0
那我写。,0
过几天，我过几天。,0
看明月。,0
那你，那我就去你的家跟你玩。,0
那我觉得没有放歌。,0
我喜欢你。,0
50，53。,0
你说你知道我要唱的歌是什么吗？我爱你，我喜欢你。,0
你说你知道我要唱的歌是什么吗？我爱你，我喜欢你，我亲你。,0
那是因为你。,0
那那你那你听我的。,0
那那你那你听我的故事，可以吗？你听呢，我喜欢。,0
那那你，那你听我的故事，可以吗？你听呢，我喜欢你，我爱上你。,0
我不喜欢吃。,0
那那你那你听我的故事可以吗？你听呢，我喜欢你，我爱上你，可是我要跟你结婚。,0
我想要听你的爱上你，我想要听。,0
主页是不是第一张有那个，哎，啊，不用，我等一下可以传那个我玩的那个游戏。,0
主页是不是第一张有那个嗯啊？不用，我等一下可以传那个我玩的那个游戏。啊，等一下我传那个一堆我兴趣的那个我玩什么游戏，传给你看就好。还是那个截图，带 IG 给你。,0
我喜欢你。,0
那你听我的。,0
对对对对对对，嗯。,0
没有，我跟你去，你去，我去下播。,0
对呀，那个刚才给你打的那个天天玩乐园的那个里面的设施里面太，有很多了。,0
对呀，那个刚才给你打的那个天天玩乐园的那个，里面的设施里面太，有很多了，很多的游戏，那里面按进去很多任务可以玩。,0
没有，我跟你说，你去，我去散步的时候，我看到一个人，然后我就去我家，我就要睡觉，然后我就会想到你在跟我亲亲。然后然后一天我要上班的时候，我就带着蓝色的花，然后就走一走，然后我的在尝试着，你真的拿蓝色的我会过来的。,0
我好像有分享在那个那个什么线上周有吧，那个是是那个时候那个美美彩那个那个回商场那个的任务里面。,0
就就想到你在跟我亲亲。然后然后一天我要上班的时候，我就带着蓝色的花，然后就走一走，然后我的的同事说，你真的拿蓝色的花过来。然后我就说，因为这个是我的男朋友。然后我的同事就说，呃，你的男朋友吗？那你要跟他亲现在是表白，还是跟他结婚？是跟他在一起。,0
哎，就是那个妹妹玩的那个啊。,0
哎，就是那个妹妹玩的那个啊，就是妹妹你说那个那个小朋友玩的那个啊，那个超好玩的。,0
对呀对呀，我是看那种。,0
嗯，太好玩了。你昨天不是有看那那那个妹妹玩那个吗？她们的衣服，她的那她自己的衣服很漂亮哦，可以弄金币买，还是纸币买的。,0
嗯，太好玩了。你昨天不是有看那那那个妹妹玩那个吗？她们的衣服，她的那她自己的衣服很漂亮哦，可以弄金币买，是纸币买的，里面都要弄那个金币买的。,0
那我那我会，那我那你喊我，那你可以跟我聊天，跟什么情况，然后我叫你，我们就可以教。,0
那我那我会，那我那你喊我，那你可以跟我聊天，跟什么情况，然后我叫你们，我们就可以教，可以教我，可以教我可以教我，那你也可以教点赞。,0
做吃的。,0
嗯嗯嗯。,0
那你喜欢吃什么？我都会做给你好吃的。,0
那你喜欢吃什么？我都会做给你好吃的。那我会亲你，那我会亲你的。,0
嗯，行啊。嗯，有啊。你看我的那个主页，一直上去就下面就很多我去玩的东西。,0
有啊，我就有。,0
嗯。,0
嗯，最近没有，现在最近照顾妈妈。,0
嗯，最近没有，现在最近照顾妈妈，就没看哦。,0
我现在可以去，哎，去那个线上游戏吧，那里面的东西先接那个。,0
我今天尿。,0
嗯嗯，那个看我一个 IG 朋友他他跟另外一个朋友玩的时候哦。,0
我没有结婚呢。嗯。,0
你可你可以出泡泡。,0
我先去上班。,0
那我就难过的哭。,0
打完这个啦。,0
我不会煮，我去包包去。,0
嗯，追剧，看电视。,0
我是说你陪我家的孩子聊聊天。,0
嗯，我微信。,0
我是最弱的，因为我被抢包包了。,0
我是最弱的，因为我被抢包包了，因为我追不上去。,0
我受伤，可是我有回答。,0
我受伤，可是我有回答，可是我没办法，我跟那个那个坏人。,0
我受伤，可是我有回答，可是我没办法。我被那个那个坏人打一下，然后我就觉得很痛，然后被那个罚单，然后我就继续跑，追着那个坏人。,0
因为我想我的孩子，我的孩子1岁半。,0
因为我想我的孩子，我的孩子是被坏人，然后我就在医院哭，然后医生就问我怎么了，然后我就说我的孩子被偷走。然后然后然后司机就说，那不会找个警察吗？我说我就说我的衣服不见了，然后我的手机都被坏了。,0
因为我想我的孩子，我的孩子是被坏人，然后我就在医院哭，然后医生就问我怎么了，然后我就说我的孩子被偷走。然后然后然后司机就说，那不会找个警察吗？我说我就说我的衣服不见了，然后我的手机都被坏了。,0
嗯，男孩子是被坏人，然后然后我就在医院哭，然后医生就问我怎么了，然后我就说我的孩子被偷走，然后然后然后司机就说，那不会找个警察吗？我说我就说我的衣服不见了，然后我的手机都被坏了。那我手机，因为因为因为警察叔叔把我的手机抢了。,0
那我跟孩子都可以走，那我跟孩子都可以走。,0
我现在我现在在拍，我现在在那个拍东西，拍东西。你们点赞了，因为他要给，因为他在做什么。,0
我在上班呢，我突然打给你，我突然打给你。,0
嗯，就是你跟我的照片在我家里。,0
嗯，就是你跟我的照片在我家里，因为我在看着，因为因为你跟我的照片在你家里，跟我一起拍的照片呢。,0
我也是。,0
我也是啊。,0
我也是要飞到你身边去。,0
我可以免费去那边去，那不行。,0
好的好的，你来的时候我再，我先跟你讲，可以吗？先跟你讲一个秘密，就是我喜欢你，你跟我结婚吧。,0
好的好的，你来的时候我再，我先跟你讲，可以吗？先跟你讲一个秘密。就是我喜欢你，你跟我结婚吧。我是，但是我喜欢在台北。,0
那你那你知道我的名字。,0
喂，你叫我吧。,0
很久都没有见到你了，我都一直想到你。,0
算了，跟你说一下。,0
我小时候没有那个妈妈妈，爸爸。,0
我小时候我有那个妈妈妈，爸爸跟姐姐哥哥。然后我的妈妈就说你是一个傻傻的，然后你要出国以后呢。,0
我小时候我有那个妈妈妈，爸爸跟姐姐哥哥。然后我的妈妈就说，你是一个傻傻的，然后你要出国，然后我就说。,0
我会想你，然后我就会找你。,0
我会想你，然后我就会找你亲亲亲。,0
我会想你，然后我就会找你吃，天天都给你吃。,0
我会想你，然后我就会找你亲，亲亲，抱着你亲，亲的跟你亲，跟你亲，跟你亲，跟你亲。,0
我会想你，然后我就会找你亲，亲亲再跟你亲亲再跟你亲再跟你亲，然后再跟你亲亲，然后再跟你亲亲。,0
哎，我叫你不要叫我姐姐，我，你叫我宝。,0
感谢。,0
还是爱你。,0
还是我叫你，还是我叫你一个名字。,0
网络低。,0
对。,0
对，我太忙了。因为我太晚下班时候，然后我就问他，然后我就说就这样吧。,0
对，我太忙了。因为我太晚下班时候，然后我妈妈说，然后我就说，就这样吧。然后我妈妈说再见。,0
对，我太忙了。因为我太晚下班时候，然后我妈妈说，然后我就说，然后我妈妈说再见，然后我妈妈就打我一顿。,0
就跟你讲。,0
那我先那我先挂。,0
哎呦呀，哪有时间看呀，哪有时间看，你赶快回去呢。,0
那你陪着我，那你陪着我。,0
买书了哈。你没买，你没买啊。,0
那你那你可以跟，那你可以，我可以听你唱。,0
是呀，诶，看你有在里面。,0
是呀，哎，他们有在里面。,0
是呀，诶看你有在里面。,0
是呀，诶，看你有在里面。,0
是呀，诶看你有在里面。哦，贵的料。,0
嘿啊，诶看你有在里面。哦，鸡在那里哦，鸡最好料，鸡没一只啦。,0
要要要。,0
你看，你看视频，看看看。,0
这在哪里呢？这是，嗯，很大的。,0
你唔系就嚟瞓嘞咩？有啊。,0
我没有玩过。,0
我有一天走过一个大树。,0
我有一天走过一个大树，然后走了走了，我就遇到一个猫，然后我就捡回家。,0
我有一天走过一个大树，然后走着走着我就遇到一个猫，然后我就捡回家。然后突然我们家里养的狗嘛，养的狗，然后狗就说你是我的，然后我就说我叫什么名字。,0
我有一天走过一个大树，然后走着走着我就遇到一只猫，然后我就捡回家。然后突然我们家里养的狗嘛，养的狗，然后狗就说你是我的，然后我就说我叫什么名字。,0
我有一天走过一个大树，然后走了走了，我就遇到一个猫，然后我就捡回家。然后突然我们家里养的狗嘛，养的狗，然后狗就说你是我的，然后我就说我叫什么名字，小犬，你看我的小犬。然后我就跟，然后我就跟我姨说。,0
我有一天走过一个大树，然后走着走着我就遇到一个什么，然后我就捡回家。然后突然我们家里养的狗嘛，养的狗，然后狗就说你是我的，然后我就说我叫什么名字，小犬，你看我的小犬。然后我就跟，然后我就跟我姨说，跟你欺负猫咪玩，然后我就说好好的，我看了。,0
我本来想打给你的，因为我本来想打给你。,0
我先挂掉，你都不理我，你你很紧张，你不要紧张。我看我还是用打字的好了，好吗？哈哈哈哈。,0
那我挂掉。,0
那我挂掉，怎么了？我先挂。,0
我有点我有点难过。,0
可以可以，我也没有啊。,0
可以非常好。,0
你说你我我跟你说，诶，今天人家我我我要被他烦死了。我自己也不知道怎么回事。我我我在吹空调，他说他要来玩手机。,0
听说你我我听说那个孩子在在那要死了啊自己也不知道怎么的啊在那在那找工作在那在那玩手机因为我都要过去啊过去跳舞我都要过去啊。,0
啊，你说你我我跟你说，哎，今天人家我我我要死了啊，我自己还不知道怎么回事呢。啊我自己出来说他说那个来骗手机。因为我都要过去啊，过去跳舞我都要过去啊。,0
Take a book and you can use it to play phone 诶睡觉哦不听他叫就不叫哦，听叫就要叫哦。,0
哦，你有看什么电影说给我推荐一下。,0
看电视节目。,0
他去看了一下就走了。,0
你听他叫就不要听叫就不要用他哦。你拿洋参下去给我喝一下啊我刚才从工厂回来都要喝洋参我炖一炖哦。,0
你自己在。,0
你是女生，我是女生。,0
我喜欢跟你玩。,0
你看一下，哦，是呀。你看一下，我看一下呀，那个薯片很好吃。我看人家吃这个好像很好吃的样子。,0
你哋睇下好唔好啊？你睇下，我都系呢样，然后个薯仔几好食，我去人家食嘢好似都系噉嘅样。你系咪去买快餐啊？哦唔系，我快餐要唔要买啊？我去买我去买鸡饭畀你哋啊吓。,0
你哋睇下好唔好啊？你睇下，我都系呢样，然后个薯仔几好食，我去人家食嘢好似都系噉嘅样。你系咪要卖快餐啊？哦唔系哦快餐要人家卖啊。我去卖我去卖鸡畀你哋都得吓。,0
你哋睇下，我试下。你下，买多一嘢，然后个水杯你好我去人家十一号几单嘢了。你系咪买快餐啊？哦唔系哦快餐要人家买啊。我去买我去买鸡放你哋度吓。,0
哎呀哎呀，我看遇到你了。,0
你哋睇下好唔好啊？你睇下，买多啲嘢，然后个薯仔几好食，我去人家十一号几间嘢了。你系咪去快餐啊？哦唔系哦快餐要唔要买啊？我去买我去买鸡畀你哋啊吓。好似都有卖哦，卖啲鸭啊，卖虾条哦。,0
哦。,0
嘿，我们说话。,0
嗯嗯嗯哦，我平时就是弹钢琴啦。,0
嘿，跟人说话。,0
嘿，我们说过。,0
嘿，我跟你说哦。,0
哦。我先蘸肉啲嘢。,0
哦，都不可以的啊。哦，你看你的反应也不会，我先点肉给你啊。提不动，有什么东西吗？他有时候来的拿的还有路边档口哈。,0
嗯，啊他妈妈以后真的没办法了，唉到时候追他的哦。对哈。对不对？他这空调都没开。对。,0
啊对，应该有，暂时应该卖电线哦，人家应该都在卖电线，慢慢的，人家看他的淘宝都是拼多多是贵哦哦，吓死哦。,0
啊对，那有超市应该卖电线哦，人家应该都在卖电线，慢慢的，人家看那个淘宝都是拼多多是贵哦哦，吓死哦。,0
啊对，那有超市应该卖电线哦，人家应该都在卖电线。慢慢的，慢慢的看一下啊，拼多多是拼多多是贵哦哦，吓死哦。,0
啊对，那有超市应该卖电线哦，人家应该都在卖电线。慢慢的，啊你看那个拼多多市拼多多市规哦哦，吓死哦。,0
我们对应该有超市应该卖电线哦，人家应该都在卖电线。慢慢的，我们看一下淘宝都是拼多多实惠哦，哦，吓死哦。你看你看，你你要吃，你看你没拿你票哦。,0
我来买东西。慢慢的。我看你那淘宝都是拼多多实惠哦。吓死哦。放着放12点半。,0
这是一个是。,0
是吗？你看我老公我老公他要找你你要找他哦。别让他找你顾客自己找出来啊，自己找出来你别让他找你呢。,0
是吗？你看我们也有过啊，我们也有过啊。该找钱你要找钱哦，别让人顾客钱给你了啊，你也没给人钱呢。这个要说，嗯，好的好的，叫他穿得多一点啊，会比较暖和哦。,0
是吗？你看我们哦，我们在该找钱你就找钱哦，别让人顾客钱拿出来了，钱拿出来你就不能让人呢。再说就说，嗯，好的好的。,0
是吗？你也可以休息啊。该找钱你就找钱哦，别让他去。顾客钱拿出来了，你就找给他嘛，别让他去。载货就说嗯嘿，好时候去啊穿得多载一载啊，货装一装哦，别载太多了啊，过年都不过年啊。是吧？嗯，嘿。你现在在上班吗？是呀。你怎么一直说说说嗯嗯，很多事情。,0
你等我。,0
再等我一下，等我一。,0
你也长得好好看，声音又好听。,0
那我要老十。,0
那你把我当最亲密的人。,0
我不会唱。,0
我比较想比较想要听你讲。,0
我想要喝你亲自打出来的。,0
宝什么宝？我才不要当你宝。,0
我吃啦，你赶快去吃吧。,0
我吃啦，你赶快去吃吧，只是突然想你。,0
我我要去找其他男生了。,0
有啊，宝宝，我真的好喜欢你。,0
有啊，宝宝。我真的好喜欢你呀，宝宝。有你在，我每一天都开开心心的。,0
有啊，宝宝。我真的好喜欢你呀，宝宝。有你在，我每一天都开开心心的，让我在写功课的时候都会尽快写完。,0
有啊，宝宝。我真的好喜欢你呀，宝宝。有你在，我每一天都开开心心的。让我在写功课的时候都会尽快写完，然后来找你啊，宝。,0
有啊，宝宝。我真的好喜欢你呀，宝宝。有你在，我每一天都开开心心的。让我在写功课的时候都会尽快写完，然后来找你呀，宝宝。我好想我亲亲你哟。,0
有青菜，有肉。,0
有青菜，有肉跟鱼蛋。,0
整盘都是啊。,0
我都要去。,0
不是不是，我的意思是说，我现在都习惯用的假声。,0
就是你们那边的东西。,0
我的意思是喜欢吃内地的东西。,0
我想要去苏州。,0
你那里，我我也想吃。,0
我都穿三件吧。,0
我我还在思考。,0
因为因为你一直讲一直，我没有办法接上。,0
我的意思是说，我比较喜欢大陆的东西。,0
不好意思哦。,0
啊？呃，不是，我现在在外面。,0
等一会，我弄手机。,0
可我可我不是的。,0
因为我，因为有时候我很闷了。,0
OK，我不会骂人。唱吧唱吧。,0
也说很小，我也是很多小贴纸。,0
我没有继续走。,0
不是姐姐。,0
我是弟弟，我比你小哦，我才18岁。,0
我知道我知道是小学。,0
我喜欢平静的，不要不要有有声音，我要安。,0
嗯，还好，只是只是家家里面不喜欢待在这个家。,0
喂，你好。,0
我也是国内啊。,0
哦，有啊。自己做饭吃，哦。,0
嗯嗯。,0
他知道啊他知道啊他知道他对不起我啊。,0
我喜欢。,0
我喜欢的红酒。,0
没有哎，没有拍照片。,0
你你煮的我都喜欢。,0
这样我会不好意思哎。,0
你又不会去。,0
但是很抱歉，我可能晚点才可以再跟你聊。,0
打屁股啊。,0
抱歉，我第一次玩了哦。,0
我哥被打。,0
打屁股，我是说打屁股。,0
等一下再等一下再来陪你。,0
哈哈哈哈。,0
妈妈跟来要打屁股的嘛。,0
对，我也觉得挺好玩。,0
啊，我想吃肥肉。,0
哦，那汤很好喝。汤很好喝，其实汤几度也也好吃。,0
啊，我是。,0
啊，我是。,0
啊，我是。,0
啊，我是。,0
豆包豆包。,0
放了歌。,0
哎呦。,0
真的啊。我这会回来去买那那啊。,0
真的啊。我叫他下午去买那那啊那那个肉来来煎鱼啊。,0
你好。,0
你好。,0
我叫我妈咪可以，谁敢谁敢骂我可以。,0
我叫我妈咪可以，谁敢谁敢骂我可以。,0
我叫我妈咪而已，这个这个号码我而已。,0
你好，来接我一下吧，接我一下吧。哦，好的。,0
你好，来一百件啊，一百件啊。哦，要做一百件啊。,0
你好，来一杯奶茶干了，一杯奶茶干了。哦，老周一杯奶茶干了。好啦好啦。,0
你好，来滴完了再讲啊，滴完了再讲。哦，好的好的，滴完了再讲啊。好啦好啦，后面就讲。啊等啊要等一下要要要要上厕所去的楼上啊。,0
这谁干的啊？啊。,0
你做哦。,0
我妈。哈哈哈哈哈哈哈哈哈哈哈哈。,0
没有啊。,0
会吗？不会。,0
嗯。,0
按按 OK。,0
你要你要你要你要下载的，就三角形的那个。,0
看我啊。哦。,0
哦，你打。,0
我我我要去买个号，拜拜。,0
听音乐啊，听什么音乐都可以啊。听音乐，哎呀。,0
啊。,0
啊啊啊，OK。你说，我跟你亲亲。,0
哦，我我跟你一样啊。,0
因为因为聊天呐。,0
哎，你好。,0
哦哦，你爸爸跟你妈妈。哦，对。我25，我26。啊。,0
对啊，有有运动啊，看你哈。,0
对啊，有有运动啊，看你哈哈，说明天运动。,0
哇哇卡。,0
哇哇卡，你背心衣服，这这不是背心衣服。,0
哇，哇靠，你背心，衣服，这这不是背心衣服，然后外套，背心衣服。,0
哇哇咔，你背心衣服，这这不是背心衣服，然后外套，背心衣服，都不行。,0
哇，哇塞，你背心，衣服，这这不是背心衣服，然后，外套，背心衣服，一个布鞋，跑去外面了。然后拿手机，拿手机跑去外面都可以。,0
哇，哇塞，你背心，衣服，这这不是背心衣服，然后，外套，背心衣服，一个布鞋，跑去外面了。然后拿手机，拿手机跑去外面都可以，跟他一样的。,0
没有啊，是不是不是。,0
我在喝可乐。你在干嘛？可以帮我买一个奶奶牌奶。,0
你可以帮我买一个。,0
对。,0
对，我我妹在台北，我在台湾呢。我们在南澳，我们在南澳。,0
我们在宜兰县。,0
我们在宜兰县。那你那你可以送一杯。南澳乡。,0
我要跟他打。,0
我要做个卡，然后给我结。,0
我是我是做我是做那个的，我是做。,0
我是我是做我是做那个的，我是做。我要去，哦，对哦对哦。,0
你叫呼本打送那个奶茶。,0
你你现在在台北，你可以叫呼朋打送奶茶。,0
没关系。,0
没关系，你叫那个出租车来来那个来那个。,0
没关系，你叫那个出租车来来那个来那个宜兰县。,0
我要吃好吃的。,0
你是不是没有说这太伤心了。,0
对，先沟通。,0
对，先沟通一下。如果沟通不好的话，那就换别人去做就好了。你不要去，这样子不要不要把你的心理放在压力。如果压力大的话，就是克服它。听懂我的意思吗？如果你不喜欢一直做的话，你就交给别人做就好了。,0
那好的好的。那酒尽量少喝，对身体不好。,0
不会啊，不会难过啊，我只是在哭而已。难过就是哭啊，没办法。,0
没有，没事，我已经好。,0
听音音乐。,0
嗯，想让你舔我的鸡巴。,0
我就想要舔你的奶头。,0
我就想要舔你的奶头，想要射在你奶头上，快点吧。,0
拜拜呀，我已经快射出来。,0
对呀，我这喝喝不可能是一小杯啊。,0
前阵子有前阵子有在工作，那客人都会，就是有客人会请我喝酒。,0
前阵子有前阵子有在工作，来客人都会，就是有客人会请我喝酒。我说不好啊，偷偷的喝一小杯而已。我是做餐厅的啊。,0
因为你是母狗啊，所以我才让你帮我。,0
对啊，很大。,0
我保持一样，应该就会好。,0
我最害怕抽血。,0
你吃饭了没有？我刚刚吃过。,0
你说我是坏坏。,0
我爱你爱着你。,0
哎呦，哎呀。,0
我爱着你爱着你。,0
我爱你，爱着你。,0
我爱着你爱着你，你知道我心里，你知道我心里，就遇到了这一天。,0
我爱着你，爱着你。终于到了这一天，原来童话会发生，你在眼前。,0
我爱着你，爱着你。终于到了这一天，原来童话会发生，你在眼前。,0
我爱着你，爱着你。,0
哦，爱你哟。,0
我爱你爱你。,0
我爱你爱着你，走你走你走下去。,0
哦。,0
他说很痒。,0
喂，拿台吗？拿拿拿拿。,0
喂，哦，系咩？哦哦哦哦，听到吗听到吗？帅哥帅哥听到吗？哦。,0
吃饭，点三个碗，把三个碗。,0
有鸡排，有牛排。,0
一点都不开心。,0
喂，说吧。,0
辣的可以，就是微辣。,0
我我我我我很少有在那个啊。,0
我我我我我很少有在那个啊。,0
哦，去。,0
哦，我去过。,0
我也喜欢美式。,0
我们去那个那个，看那个。,0
我也喜欢美式咖啡，没有糖没有奶的。,0
因为我们要因为我们要看优秀哈。,0
对，像我今天就出去庙里拜。,0
因为我们要因为我们要看优秀。嗨呀呀，哎呀呀，123，来，哎呀呀。,0
嗯，我也是这样，就是看到什么吃什么。,0
我是说你。,0
嗯，就是看个电影，看看 YouTube。,0
你不要讲话了。,0
啊，别讲话了。,0
宝贝，你别叫宝贝，你要叫宝贝，你别叫宝。,0
嗯，你看的我也有。,0
夸你呀，也不一定要有啊。,0
你别生气，小宁。,0
你不要吵你不要吵你不要吵，我跟你讲几遍，我跟你讲几遍。,0
最近为了那个事情。,0
会有的。,0
你也去过很多顶。,0
嗯，我认同。,0
汪汪汪。,0
喜欢的歌，我去追。,0
迷你世界只要他只要登录就会有迷你号。,0
嗯。,0
嗯，这是看有什么就做什么。,0
等一下，我们等，要不我们我们加抖音，抖，加加抖音或是加赖。,0
认错认错，说对不起。,0
你问过了，3次了。,0
对呀，我喜欢啊。,0
对呀，我喜欢啊，休闲风。,0
都穿那个衬衫。,0
然后然后点头像之后有资料，你的右上也有一个小头像。,0
然后然后点头像之后有资料，你的右上也有一个小头像，头，那个头像下面有一个迷你号迷你号。,0
嗯。,0
你刚刚说你找到迷你号了。,0
蜂蜜，你会喝蜂蜜。,0
没有了。,0
我明天要上班呢。,0
哦，我是说你的创业。,0
嗯。,0
你现在只需要回答我一个问题。,0
我没，我说。,0
我没，不是，因为我没有空看书。,0
讲话。呃。,0
什么事？有什么事跟我讲话吗？哈喽。在干什么？哈喽。,0
那我问你。,0
那我问你我问你。,0
什么事？有什么事跟我讲话吗？哈喽，在干什么？哈喽，你是谁？你是谁？我跟你讲多一次啊，你是谁？讲话啊，是谁？你是谁？你是谁？你是谁？哈喽，讲话啊。啊。,0
你觉得我相信你吗？我死了，你就不可以再来找我。没有，我就发现你，发现你，我就不可以跟你玩。你不是帅哥。,0
开心的玩，因为我知道你什么事。,0
开心的玩，因为我知道你什么事，我就不跟你玩。你不是帅哥，你是丑八怪。,0
开心的玩，因为我知道你什么事，我就不跟你玩。你不是帅哥，你是丑八怪的帅哥。,0
原来你是你是鬼鬼鬼帅哥。,0
我买给你新的鞋子，给你幸福。,0
我买给你新的鞋子，给你幸福，你，我就买给你。,0
我买给你新的鞋子，给你幸福。你，我就买给你，等电话。所以我就跟你，你不要你不要给我一块，一万钱。,0
我买给你新的鞋子，给你幸福。你，我就买给你的电话。所以我就跟你，你不要你不要给我一块，一万钱，我就跟你分手。,0
我买给你新的鞋子，给你幸福。你，我就买给你的电话。所以我就跟你，你不要你不要给我一块，一万钱，我就跟你分手，不可以。,0
我只要你的钱，你不给我钱。,0
我只要你的钱，你不给我钱，我分手。,0
我只要你的钱，你不给我钱我分手，我们离不离婚。,0
我只要你的钱，你不给我钱我分手，我们离不离婚，我就跟你离开，你给我一块钱。,0
我只要你的钱，你不给我钱我分手，我们离不离婚，我就跟你离开，你给我一块钱，我才给你买什么。,0
我要你的1000万，你要给我1000万，我就不跟你，我就离，我们离不离婚，分手。,0
你一定是鬼，我就不跟你好。,0
你一定是鬼，我就不跟你好，我生气了。,0
你一定是鬼，我就不跟你好，我生气了，我就不跟你讲话。,0
你要给我1000万，我才给你。,0
你要给我1000万，我才给，我才不生气。,0
我不开心，我就不跟你玩。,0
没有啊，玩抖音。,0
不错啊，很有心。,0
呵呵呵。你打电话。,0
嗯，对呀。,0
嗯，喜欢呐。,0
喜欢呐，我喜欢出去玩呐。我喜欢出去玩。,0
喜欢呐，我喜欢出去玩呐。我喜欢出去玩。出去玩。,0
喜欢呐，我喜欢出去玩呐。我喜欢出去玩，出去玩好玩的。,0
对，阿姨说呢。,0
你说你的声音很好听。,0
我明天要上班，没办法回你，上班。,0
平时嗯跟朋友出去逛街，不是吃东西，看风景，要不在家里。,0
有啊，你帮我搜一下，转。,0
有啊，一般说要去外那边走一走，放松心情呐。,0
有啊，一般说要去，往那边走一走，放松心情呐，去哪里玩的都可以的。,0
有啊，一般说要去，往那边走一走，放松心情呐，去哪里玩的都可以的。嗯。,0
可以工作啊。,0
去工作啊。去玩。,0
没有啊。,0
啊，我等一下我等一下打。,0
你吃饭了吗？你回家了。我放寒假了。那你东西都带回去了吗？带了。,0
今天我也没，对了，我朋友今天有去那个苗栗那边。,0
今天我也没，对了，我朋友今天有去那个苗栗那边露营。,0
今天我也没，对了，我朋友今天有去那个苗栗那边露营。他有找我去，但是太冷，没有想要去。然后看他们玩得很开心，但是我在家里都整天几乎在。哦。,0
你在干嘛？你在干嘛？我在看视。,0
第二个学习的学。,0
嗯，你笑死我了。,0
嗯，你笑死我了。,0
嗯，笑死了。,0
他说转运站转运站他有下车啊，就就一直看到你。那我那我下车去海沧玩的时候，我就可以去做公园了啊，公园下就要投钱嘛，你按那个票就可以做了呀。,0
他说转运站转运站他有价格。他就就一直看到你。那我那我下车去海澄玩的时候，我就可以去坐公园了。公园下就要投钱嘛。你按那个票就可以做了呀。你不是有那个。我口袋里的。,0
他这种转运站转运站他有价格。他就就一直看到你。那我那我下次去海澄玩的时候，我就可以去做公园了。公园下就要投钱吗？你按那个票就可以做了呀。你不是有那个。我传给你了。那个公园不是绿色不是都要都要都要用。我传给你了。,0
他这种转运站转运站他有价格。他就就一直看到你。那我那我下车去台北玩的时候，我就可以去坐公园了。公园下就要投钱吗？你按那个票就可以做了呀。你不是有那个。我传给你了。那个公园不是绿色不是都要都要都要用。我传给你了。像我们有那有那个什么。绿色公园不是都要让快点时间快到了。,0
你自，嗯，你自己要去补习自己，因为我没有说要养儿防老，我没有养儿防老这个想。啊，所以你就是把自己顾好就好。啊，对啊，你现在开始就是都在家里。对啊，那你就自己去加强你不足的课业。嗯，我看了你老是传给我的功课，你很多不做。,0
我没有说要养儿防老，我没有养儿防老这个想。啊，所以你就是把自己顾好就好。啊，对啊，你现在开始就是都在家里。对啊，那你就自己去加强你不足的课业。嗯，我看了，你老是传给我的功课，你很多不准。嗯。你这还去要求自己下。哦。,0
养老，你没有养老这个想。啊，所以你就是把自己顾好就好。啊，对啊，你现在开始就是都在家里。对啊，那你就自己去加强你不足的课业。嗯，我看了，你老是传给我的功课，你很多不足。嗯，你这要去要求自己一下。啊嗯嗯嗯。,0
脑子的想。啊，所以你就是把自己顾好就好。啊，对啊，你现在开始就是都在家里。对啊，那你就自己去加强你不足的课业。嗯，我看了，你老是传给我的功课，你很多不足。嗯，你这样去要求自己一下。啊，嗯嗯嗯，娘就需要研究自己。,0
你自己看，你自己看。,0
我看我帮你写。哎呦。,0
我看我帮你写。哎呦。,0
我看我帮你写。哎呦。跟你讲，刚才问你吃吗？我现在讲，啊，吃啊。他他讲啊。,0
我看我帮你写。哎呦，跟你讲，刚才问你吃吗？我现在讲，啊，吃啊。他他讲他他儿子帮你，他他他问你想吃啥？巧克力，他讲他跟你一样吃。他还讲好甜蜜啊。,0
我看我帮你写。哎呦，跟你讲，他还问你吃吗？我现在讲，啊，吃啊。他他讲他他还问你想吃什么？他讲他跟你一样吃。他还讲好甜蜜啊。我到哦，我帮你讲什么讲什么。,0
我看我帮你写。哎呦，跟你讲，他还问你吃吗？我现在讲，啊，吃啊。他他讲，他还等你。他他他问你想吃啥？巧克力。他讲他跟你一样吃。他还讲好甜蜜啊。我到哦，我帮你讲什么讲什么。20万。,0
我看我帮你写。哎呦，跟你讲，他还问你吃吗？我现在讲，啊，吃啊。他他讲，他还等你。他他他问你想吃啥？巧克力。他讲他跟你一样吃。他还讲好甜蜜啊。我到哦，我帮你讲什么讲什么。那行吧，再再说玩一个什么。,0
对呀，有有有好奇。,0
快带我起来。,0
坏蛋，我喜欢听那种。,0
我很多乐事想找人丢，没人没人接。,0
老婆，我昨天做工给他欺负我，给我老子，还给我发。,0
老婆，我昨天做工给他欺负我，给我发脾气哦，还骂我。,0
歪楼歪楼欺负女楼，他抢他抢我工作。,0
老板很很难相处，老板帮助外劳的，老板赚钱哦。,0
给我看完评评论的速度。,0
姐姐就在私下的时间。,0
老婆老婆，你不要忘记了哦。,0
咖啡咖啡我喝咖啡别人不喝。,0
咖啡咖啡我会，咖啡别的我不会炒咖喱鸡我都会。,0
咖啡咖啡我不咖啡，别的我不会炒，咖喱鸡我都会，汤我不会呀，菜煮菜呀。,0
我最拿我最拿手的就是炒炒面，然后还有咖喱鸡。,0
我最拿我最拿手的就是炒炒面，然后还有咖喱鸡，黑酱油鸡。,0
我最拿我最拿手的就是炒炒面，然后还有咖喱鸡、黑酱油鸡、马铃薯、包菜，还有羊角豆。,0
我不再发了。,0
没有，只是我刚刚刚刚在聊天的时候，我刚刚有找，哎，在比你之前有找一个人聊，然后聊到一件事情的时候。,0
我就说有一些事情。,0
我知道啊，很凶。,0
不用哦。,0
很开心很开心呐。,0
嗯，目前没有呢，想去健身。,0
嗯，目前没有呢，想去健身就去健身。,0
我在听告白。,0
这么背，你懂吗？就是有时候我觉得他这个人他不会来帮我，但是对，他来帮我，然后我不会讲。,0
我先走喽。,0
嗯，你不要客气啊，客气个屁。,0
我说我说你在哪个国，我在哪个国。,0
