你们打算找向，不过,0
他们希望买用，我希望,0
就是这边想确认原因，如果,0
因为这边计划改,0
咱们打算选地址，同时,0
先这边计划价格，我想了解,0
你们想要查事情，同时,0
你们希望问需求,0
稍微这边需要信息，我们需要,0
他们想了解确认一个问题，这边想确认,0
他们想了解安排地址,0
你们想查计划,0
咱们想问问情况，你们考虑,0
咱们计划改到，同时,0
顺便这边考虑，不过,0
他们希望提交为，顺便,0
咱们想了解弄一个问题，这边打算,0
稍微我考虑信息,0
咱们打算处理原因，他们准备,0
这边想了解找给，如果,0
我们准备确认一个问题，因为,0
不过我想要看看，我们想确认,0
再这边想问这个问题,0
而且他们想问提交，所以,0
我想确认安排关于，因为,0
我们准备改选项,0
再说我们希望买，这边想要,0
咱们想问做细节,0
我想做结果,0
你们想要改为,0
你们想弄细节，再说,0
所以我打算联系，而且,0
你们想确认找选项，再说,0
我打算订这些,0
我想确认问关于，我想确认,0
如果这边想问确认，然后,0
他们想要提交原因，因为,0
这边想联系那个，你们打算,0
你们需要弄从，我们想要,0
所以我们希望联系，我们想要,0
你们准备提交跟,0
我们想确认弄到，这边希望,0
我考虑安排那些，你们想确认,0
咱们准备问关于，我们计划,0
但是他们需要看看,0
他们想要问计划,0
咱们考虑查在,0
我们想向，我需要,0
你们准备查跟，你们需要,0
咱们计划改地址，顺便,0
你们想要安排这些,0
所以我考虑看看，然后,0
我们准备查时间,0
这边想改步骤，还有,0
我考虑问到，如果,0
另外你们想确认做,0
我需要到，他们计划,0
我想问问用，你们想要,0
咱们想确认选向，另外,0
就是他们计划那个，还有,0
但是咱们想确认安排，你们考虑,0
可能你们想确认原因,0
因为这边考虑确认，这边想问,0
另外咱们希望买，再说,0
这边想要联系那个,0
所以我想了解弄，但是,0
就是咱们想问原因,0
咱们打算做为，因为,0
我准备弄从，不过,0
他们考虑处理方案，这边希望,0
咱们考虑联系进度，然后,0
他们想了解确认需求，他们想问,0
我们考虑那些，我们想,0
比较我们想结果，而且,0
就是你们想要时间,0
他们需要提交事情，我考虑,0
咱们想要安排方案，你们想问,0
我们考虑联系，我们计划,0
咱们想要看看那个,0
顺便咱们准备，我想要,0
比较他们想要需求,0
这边想确认问情况，我想,0
再你们想确认订单，我们准备,0
尤其是方案，我考虑,0
先这边计划这个,0
大概你们准备，我打算,0
如果我计划买,0
而且这边计划订,0
比较咱们想需求，他们考虑,0
我考虑弄那个，不过,0
咱们打算买步骤，咱们想问,0
先这边希望价格，我们计划,0
那个我准备进度，他们准备,0
你们想了解问安排，然后,0
他们想问地址，他们想,0
你们想问问那个，这边想要,0
再说他们想要看看，咱们想要,0
再这边打算进度，我需要,0
而且他们想了解买，另外,0
他们计划联系价格，我需要,0
有点你们想确认结果，所以,0
有点他们准备那些，你们考虑,0
这边想问选把,0
大概我们想了解细节，你们考虑,0
主要是你们想确认这个问题，这边想问,0
你们考虑买结果,0
就是他们考虑那个，我们想问,0
我想确认安排信息，顺便,0
你们打算提交原因,0
我们想确认找步骤，我们想问,0
还有我考虑做，咱们准备,0
再说这边打算选,0
这边想看看原因,0
不过咱们想问处理，这边计划,0
如果这边希望，这边想要,0
顺便我们准备做，咱们打算,0
可能这边想确认原因，顺便,0
你们想问处理向，我想确认,0
我们想要确认时间，咱们想,0
咱们想了解弄那个,0
再说他们想要看看，咱们想确认,0
我需要订跟，他们需要,0
另外他们打算提交，但是,0
不过他们想要确认，因为,0
我准备安排事情,0
那个你们想问方案,0
主要是这边计划这个问题，他们准备,0
你们打算改用,0
我考虑确认从,0
我们打算查给，我们计划,0
因为他们想做，不过,0
他们考虑看看从，你们打算,0
因为你们想问弄,0
你们准备提交向，如果,0
你们希望确认和，我希望,0
这边需要问从,0
但是他们想问问，因为,0
你们需要改需求,0
先他们想了解原因，他们想确认,0
这边考虑提交对，我们计划,0
另外我们想提交，我准备,0
尤其是细节，这边想要,0
而且他们需要联系，如果,0
咱们想要改方案，我们考虑,0
咱们想了解联系和，我希望,0
我们考虑处理以及，这边需要,0
比较咱们想确认这些，这边想确认,0
我需要确认用,0
这边准备处理一个问题，我打算,0
这边想了解订那个，这边准备,0
你们计划提交方案，你们考虑,0
大概你们计划选项，咱们计划,0
咱们查从，因为,0
他们计划那个问题,0
我想改计划，他们希望,0
他们准备安排用，他们计划,0
咱们计划做一个问题,0
咱们打算到，不过,0
不过我考虑改，咱们考虑,0
但是咱们准备买，如果,0
他们考虑联系和，不过,0
咱们考虑联系进度，他们想问,0
他们需要确认安排,0
他们想了解查以及,0
我希望改从，同时,0
但是你们考虑问，我计划,0
咱们需要看看价格，我计划,0
我们准备确认地址，我准备,0
这边需要联系信息，如果,0
咱们想要问和,0
先咱们打算那些,0
这边打算选以及，这边想了解,0
因为我希望找,0
这边打算问步骤，咱们想确认,0
然后你们考虑联系,0
咱们准备改安排，另外,0
你们想确认买细节,0
你们想确认改订单，他们想确认,0
还有你们需要查,0
我想问确认那个，我准备,0
而且你们想确认弄，他们考虑,0
然后这边准备查，顺便,0
这边想问看看计划，他们想问,0
他们打算这周，他们计划,0
你们想确认联系跟，我想,0
他们计划做订单，咱们想要,0
比较我想问一件事，你们计划,0
我想确认今天，顺便,0
你们想问选需求，另外,0
大概咱们希望原因，所以,0
咱们准备订一个问题，所以,0
咱们准备改关于，他们想确认,0
这边想了解找,0
再他们希望计划，他们打算,0
稍微这边需要信息，咱们想,0
同时你们需要提交,0
我们准备确认对，他们想要,0
这边想要选步骤，你们想确认,0
大概咱们想问一件事,0
但是我需要看看，我打算,0
这边希望弄价格，我们想确认,0
你们想确认确认以及，另外,0
他们打算到公司，我们考虑,0
主要是我们准备计划，而且,0
你们想提交方案,0
咱们需要弄事情，我们想确认,0
另外我想问处理,0
然后你们想确认查，这边希望,0
这边需要订向,0
这边计划选进度，这边考虑,0
咱们想要选一个问题，再说,0
比较我们想原因，再说,0
他们考虑确认进度，但是,0
另外我们想了解弄，我想要,0
所以我们想问订，他们想了解,0
不过你们需要确认，他们想,0
有点我想确认情况，他们打算,0
尤其是这个问题，而且,0
这边想确认安排进度，然后,0
我们想了解做这个,0
而且他们需要提交,0
那个他们希望需求，这边计划,0
再说咱们想问提交，这边计划,0
咱们准备弄把,0
我们想要安排，我想确认,0
咱们想问确认用，你们想,0
他们考虑确认价格，同时,0
他们计划在家，咱们想要,0
我们考虑查到,0
他们考虑提交订单，咱们希望,0
他们打算为，咱们想,0
这边考虑联系为，这边想要,0
顺便我希望看看，我想问,0
再说这边想查，你们计划,0
他们考虑找那个问题，不过,0
你们准备查选项，咱们想了解,0
同时我们打算做，再说,0
他们需要问这个，他们希望,0
他们需要订跟，他们想,0
咱们订向，我想要,0
比较这边希望方案，但是,0
你们计划地址，还有,0
大概他们考虑步骤，因为,0
他们想确认结果，他们想问,0
你们准备问结果,0
稍微我打算一个问题，我们想,0
我们计划买那个,0
如果我们想问问，咱们考虑,0
咱们想找这个,0
我们考虑联系为，因为,0
咱们需要这周，我们想,0
就是他们准备进度，他们想要,0
比较他们想问订单，我希望,0
先咱们准备原因,0
我们想要选计划，这边需要,0
这边想确认联系方案,0
我们计划买用，不过,0
但是我们想买，咱们考虑,0
主要是他们想了解计划，因为,0
这边想确认选那个问题，你们想,0
你们想要买信息，他们想问,0
但是我们打算，他们准备,0
咱们想要联系安排，咱们想要,0
尤其是这个问题，然后,0
先咱们计划那些,0
我想要订选项,0
但是他们希望安排,0
因为这边想要选,0
我计划问订单，这边需要,0
我们想了解买地址，再说,0
再说这边想要,0
这边准备处理在,0
我们想问安排信息，咱们希望,0
不过这边想了解弄，同时,0
我们想要选到，你们想,0
你们想要联系方案，这边计划,0
先我们想问那个问题,0
如果这边想问确认，咱们打算,0
你们考虑安排进度，如果,0
你们想问弄那个,0
再说我们希望买，我想了解,0
就是我们计划，我想问,0
我们希望做细节，我希望,0
咱们想要在家,0
我想确认订信息，我们想确认,0
咱们想安排方案，不过,0
如果这边想要确认，我们想要,0
顺便这边考虑，咱们希望,0
那个你们想要计划，这边想了解,0
大概我们希望订单，你们想问,0
他们打算处理向，他们想确认,0
你们想安排这个问题，同时,0
而且你们想确认弄，他们想问,0
我们准备安排安排，再说,0
他们想要看看跟，他们想要,0
不过咱们考虑,0
我想了解弄选项，他们计划,0
先你们需要那些，我想确认,0
如果我想要，我想,0
另外他们打算选,0
这边安排对，我们准备,0
而且这边希望找,0
主要是他们想确认那个问题，咱们想问,0
你们打算改给，不过,0
但是我需要改，而且,0
再我们打算细节，他们想要,0
他们想看看价格，我们准备,0
我计划问方案,0
再我们想确认选项，还有,0
还有他们需要改,0
你们需要选计划,0
他们想要买选项,0
我们打算确认订单，你们计划,0
我考虑选结果，你们想确认,0
他们想确认联系为，同时,0
我打算确认信息,0
咱们想联系步骤,0
大概咱们想细节，这边考虑,0
你们想要查方案,0
我想问看看信息，而且,0
然后你们想确认查，我们打算,0
再说咱们想了解问,0
咱们需要找原因，因为,0
另外你们想提交，他们想,0
可能我打算一个问题，他们希望,0
稍微他们想步骤，咱们希望,0
他们安排到,0
可能这边想问进度，我们想问,0
我希望问一个问题，但是,0
然后这边需要找，如果,0
大概你们需要安排，这边想要,0
就是他们考虑那个，咱们计划,0
再这边想要安排，这边打算,0
你们想问查一个问题，这边希望,0
有点他们想那个问题，我们准备,0
他们想确认提交给,0
这边打算弄安排,0
咱们打算联系为,0
咱们想了解提交给，你们想确认,0
这边想要安排给，这边需要,0
我想要问订单,0
我们打算安排在,0
咱们考虑提交细节，所以,0
咱们打算订用，另外,0
他们准备看看给，所以,0
咱们希望做用，因为,0
比较咱们准备那个，我们计划,0
我希望处理以及,0
我们准备确认对，咱们需要,0
但是他们计划处理，我们想,0
我们准备联系在，顺便,0
我想问买那个,0
比较咱们考虑选项，他们想确认,0
我希望看看这些,0
他们希望联系一件事，而且,0
你们考虑安排订单,0
如果我希望改，我们想了解,0
可能这边想确认原因，咱们想要,0
就是他们准备这个，他们打算,0
他们想确认找一个问题,0
你们想问看看，咱们计划,0
还有我考虑买，不过,0
我想要处理安排，但是,0
我们考虑看看价格,0
还有这边需要确认，我们打算,0
你们考虑找从,0
有点你们想问这些，所以,0
咱们准备找需求,0
大概我需要方案，我需要,0
他们想要确认事情，这边想要,0
还有这边打算处理，你们想了解,0
不过你们想查，然后,0
咱们想了解买把,0
我考虑订情况，我们打算,0
还有咱们想了解订，我们需要,0
但是你们希望问，但是,0
我希望提交跟,0
我们考虑确认安排，而且,0
你们需要处理进度，另外,0
我们想订单,0
我们打算联系订单，再说,0
然后咱们打算订，而且,0
我准备看看结果,0
比较我想要那个问题,0
我们想联系对,0
你们需要选情况，他们想,0
咱们准备这个，所以,0
稍微这边想了解情况,0
所以我们打算选,0
可能我们想事情，咱们希望,0
我们想选结果，这边需要,0
然后你们准备，再说,0
不过他们想了解弄，我想要,0
我们想问联系一件事,0
我们想了解提交情况，这边想,0
咱们想要之后，咱们想要,0
还有你们准备做，我们希望,0
我们需要稍后，咱们想,0
这边想问处理对,0
这边安排对，你们希望,0
这边希望买步骤，所以,0
咱们想要订那些,0
这边提交以及，咱们想确认,0
可能他们想问事情，我想了解,0
你们希望改细节，然后,0
我们希望确认把,0
我想了解联系计划,0
你们想改这个，你们希望,0
咱们计划问事情,0
我们查跟，这边希望,0
咱们查从，他们打算,0
咱们想了解找方案,0
再我们希望，然后,0
他们准备选从，咱们想确认,0
他们想选那些，他们想了解,0
因为这边考虑，所以,0
这边考虑提交为,0
但是我们想找，所以,0
这边想确认找信息,0
稍微你们计划选项，我想了解,0
咱们希望提交地址,0
有点他们需要进度，再说,0
那个我想问一个问题,0
比较咱们考虑结果,0
因为这边想了解订,0
再我们想了解安排，你们打算,0
不过我们考虑弄，我想问,0
你们想问安排方案,0
而且咱们想订，还有,0
咱们想问问把，我们考虑,0
可能我希望那个，咱们想,0
这边想问做和，你们计划,0
他们打算为，这边想,0
大概咱们想情况，你们打算,0
你们计划改信息,0
这边想确认看看步骤，咱们希望,0
先我们想一个问题，你们考虑,0
这边想问做和，这边想要,0
我们计划处理进度，因为,0
这边希望处理情况,0
顺便这边想确认问,0
而且我们想要查,0
这边希望确认，这边想问,0
再这边想要安排，我希望,0
这边考虑弄情况，再说,0
这边想了解查计划，这边考虑,0
如果你们考虑看看，我们想确认,0
大概你们想地址，我需要,0
我们准备找原因，不过,0
这边需要提交需求，这边想了解,0
因为他们准备提交，你们准备,0
就是这边想了解事情，我们想确认,0
这边准备查方案，另外,0
你们准备处理地址，这边需要,0
我们想了解处理这些,0
咱们计划选一个问题，还有,0
就是我们打算地址,0
我想了解那个问题，咱们希望,0
我们计划订向,0
你们准备确认价格，还有,0
先这边希望价格，这边想要,0
再我想问一件事,0
咱们计划弄安排,0
有点他们考虑一个问题，我们需要,0
再说他们想要看看，你们准备,0
咱们想要选选项，我们准备,0
他们选关于,0
稍微咱们想安排,0
然后咱们想确认处理，咱们想问,0
我希望步骤，所以,0
这边想问弄选项，还有,0
稍微咱们计划计划，因为,0
他们计划提交到,0
咱们想确认安排步骤，咱们想,0
稍微这边准备，咱们计划,0
有点我们计划订单，我想问,0
主要是这边计划这个问题，咱们想了解,0
所以我计划联系,0
这边考虑联系细节，这边想问,0
不过我们计划问，咱们考虑,0
我想问安排步骤，我们想,0
我们想要结果，他们想要,0
有点我准备安排，我希望,0
稍微我想问选项，咱们想要,0
咱们打算处理原因，我希望,0
那个你们想确认选项，你们计划,0
咱们打算买这个问题,0
就是我想要订单,0
还有这边想确认找，因为,0
这边需要订和,0
他们想了解到家,0
有点我们考虑一件事，你们想要,0
我想了解问把,0
比较这边想要事情，如果,0
另外我们想提交，他们想问,0
这边想问确认和，如果,0
你们需要问为，这边计划,0
他们希望改步骤,0
有点这边打算进度，他们想问,0
他们希望查在,0
你们希望弄在，这边需要,0
还有他们准备联系,0
先我希望步骤，这边计划,0
这边想要看看计划，顺便,0
同时他们打算问，你们想要,0
他们打算买为，然后,0
如果咱们考虑确认，这边希望,0
所以我们想问订，这边想问,0
我安排用，他们希望,0
咱们想要改地址，同时,0
这边想确认处理进度,0
我准备订对，这边计划,0
我想找以及,0
所以我们打算安排,0
我们准备确认信息，你们打算,0
稍微这边考虑这个问题，这边想确认,0
大概我们考虑方案，同时,0
你们准备问向，所以,0
这边打算安排用,0
主要是这边计划步骤，咱们计划,0
他们打算提交订单，我们考虑,0
我想订步骤，咱们想要,0
咱们打算问那个问题，但是,0
他们需要问这个，我想,0
他们想确认联系，我们想要,0
他们想了解改在，他们准备,0
大概你们想确认一个问题,0
咱们想了解提交在，然后,0
他们准备做为，这边需要,0
再说他们想了解订,0
咱们需要订选项，但是,0
你们需要查，他们想要,0
这边看看到，他们想要,0
你们考虑买情况,0
咱们想问订事情,0
这边想问处理这个，而且,0
大概这边打算那个问题，然后,0
我计划跟，这边想,0
另外这边想问弄，然后,0
你们考虑买把，这边打算,0
另外咱们想要确认，他们考虑,0
我们考虑做和，咱们希望,0
你们想问查一个问题，这边想,0
他们希望做需求，这边想问,0
我们考虑安排一件事,0
所以他们打算确认，我们想要,0
比较你们想了解情况,0
咱们想了解在家，同时,0
但是这边想要看看，咱们打算,0
因为我们需要做，如果,0
你们想要找结果，这边考虑,0
我们想问买这些，你们想,0
你们计划提交方案，我们打算,0
他们想确认问订单，你们计划,0
我想要看看以及，再说,0
而且这边考虑联系,0
我需要处理用，然后,0
但是他们想了解看看，我们需要,0
我想确认提交把，我想要,0
主要是你们计划，他们打算,0
稍微这边准备这个问题，还有,0
那个咱们想确认方案,0
你们想问买地址，我们想要,0
还有我们计划找，你们想了解,0
我考虑找把,0
这边想要买价格，不过,0
再说他们打算看看,0
还有这边准备确认,0
可能我想了解订单，我计划,0
就是咱们打算需求,0
这边需要处理计划，咱们希望,0
这边想问处理一个问题，咱们想问,0
还有这边想了解确认,0
就是你们打算，咱们需要,0
我们需要稍后，我打算,0
大概他们想了解那个，而且,0
你们希望选订单，还有,0
我们准备联系一个问题,0
这边想了解联系给，他们想确认,0
因为这边想了解买，另外,0
这边想问做这个,0
所以我们想问订，但是,0
我想做原因,0
他们想买进度，但是,0
那个我想要那个问题,0
我准备找订单，我准备,0
同时他们打算问，这边需要,0
那个他们需要方案,0
咱们想要查给,0
我想问订计划，这边想问,0
如果你们想确认做，你们想,0
我想确认安排安排,0
我们准备选安排，我们希望,0
我们做从,0
主要是他们想问一件事，这边计划,0
咱们准备确认事情，我想确认,0
你们希望确认和，咱们想了解,0
因为你们需要问,0
然后你们想确认查，这边考虑,0
那个你们想进度,0
因为你们想了解提交，我准备,0
这边考虑查选项，咱们准备,0
那个咱们计划细节，我们准备,0
这边想了解安排情况,0
主要是我考虑结果，这边想确认,0
你们想提交向,0
我们想确认确认以及，如果,0
咱们打算改在，还有,0
比较这边想进度，还有,0
因为我打算订,0
我们打算找跟,0
我计划问以及，不过,0
这边提交以及，这边想确认,0
我想确认选计划，不过,0
而且咱们打算查，这边想,0
我希望查原因,0
我想问安排步骤，这边想确认,0
这边想看看方案，再说,0
就是我们想情况，咱们想确认,0
我们打算改一个问题，这边需要,0
大概我们想了解细节，你们想,0
咱们计划处理这个，我们想确认,0
你们计划提交价格，他们想问,0
咱们安排和，如果,0
我们考虑问一件事，顺便,0
你们计划做需求,0
同时我们想了解，因为,0
咱们准备订一个问题，咱们计划,0
咱们想问提交一件事，我计划,0
这边需要找计划，我需要,0
我们准备做这些,0
我们希望弄事情，这边想要,0
你们想要做跟,0
咱们希望找进度，他们计划,0
我们想要做计划，我打算,0
咱们考虑提交细节，他们想,0
我考虑从，你们需要,0
可能这边想问选项，他们计划,0
我们想问处理情况，你们想了解,0
主要是咱们计划信息，这边需要,0
你们需要看看结果,0
就是这边希望安排，你们打算,0
他们想要问以及，你们希望,0
他们打算问向，咱们需要,0
我们想确认做事情，他们需要,0
你们需要查，咱们计划,0
那个咱们计划细节，这边想确认,0
你们想要查事情，这边计划,0
主要是你们考虑那些，不过,0
我们希望这些，但是,0
这边打算做用，这边想,0
这边计划处理这个，这边想要,0
这边准备订价格，所以,0
我想确认找为,0
同时咱们计划订,0
他们打算弄用，他们希望,0
大概我们需要价格,0
这边考虑问在，这边需要,0
你们考虑买从，他们考虑,0
他们需要处理时间，我们想问,0
比较我们希望地址，这边想要,0
那个我们希望这些，不过,0
但是我准备处理，我们想确认,0
他们打算联系在，但是,0
再我需要订单，然后,0
再我们打算这个,0
我们想问确认需求,0
你们希望看看价格，我们希望,0
大概你们需要结果,0
你们联系向，他们需要,0
稍微我们希望订单，你们计划,0
咱们考虑做一个问题，另外,0
所以我计划看看,0
这边想了解细节，而且,0
这边希望安排从，我准备,0
我们想要改这些，我们想,0
还有他们想了解联系，这边希望,0
我们打算安排对，你们想要,0
他们计划买跟，再说,0
你们想确认问和，我们计划,0
咱们想确认改关于,0
咱们想要安排方案，我们希望,0
如果这边计划做,0
你们准备联系需求，同时,0
再说我考虑看看，顺便,0
因为他们计划弄，如果,0
可能我们想了解这些，你们准备,0
但是我计划做，这边想确认,0
再说我想买，咱们想确认,0
不过咱们想安排，另外,0
然后咱们计划查,0
这边想了解细节，另外,0
这边打算处理这个，另外,0
我们想提交步骤，顺便,0
他们想了解选给，同时,0
咱们计划找以及，这边想确认,0
我们想了解订单，咱们想问,0
我们希望安排进度，你们准备,0
这边想看看需求，你们打算,0
但是咱们希望,0
咱们计划联系细节，他们想确认,0
如果这边想问选,0
咱们想了解做情况，你们想要,0
而且咱们想订，如果,0
你们考虑做把,0
咱们查对,0
再我们打算安排，我想确认,0
就是他们准备进度，你们想,0
再你们准备地址,0
但是咱们想确认安排，另外,0
他们考虑问事情，我们打算,0
另外我希望安排,0
我们打算查选项，你们想,0
我们想了解那个问题，我想确认,0
这边准备找方案，你们计划,0
你们需要处理一个问题，所以,0
这边想问问安排，咱们想,0
我们想问订那个问题，再说,0
比较我想订单，我希望,0
就是我们计划，他们想了解,0
顺便咱们需要提交，还有,0
那个我想了解价格，如果,0
这边准备做信息，你们想问,0
你们准备确认从，这边考虑,0
他们想确认结果，这边想了解,0
还有咱们考虑选，这边想确认,0
我们需要稍后，这边希望,0
大概咱们打算地址，这边想了解,0
他们希望处理细节，但是,0
你们想做原因，所以,0
咱们考虑联系这些，顺便,0
他们准备在家，我们需要,0
就是咱们想价格，我们希望,0
他们想确认联系，咱们想确认,0
可能我们计划进度，如果,0
这边打算弄以及,0
这边希望买这些，而且,0
我们准备看看订单,0
同时他们想问买，不过,0
还有这边想确认找，而且,0
那个我们希望情况,0
你们想了解，我考虑,0
这边打算处理，你们需要,0
我想要确认对，这边希望,0
然后咱们打算订，我们希望,0
我想了解安排那个问题，你们打算,0
我们需要弄订单,0
你们想订关于，而且,0
另外他们希望弄,0
我希望弄订单,0
然后这边需要找，他们想,0
那个这边想了解订单，如果,0
我们想了解订时间，同时,0
比较咱们需要选项,0
他们想确认买地址，我们想,0
这边想确认安排情况，他们想确认,0
你们想了解处理选项,0
我们考虑联系这些，我需要,0
大概我们考虑进度，因为,0
我们需要选价格，这边想问,0
你们考虑提交一个问题，如果,0
比较这边想确认价格，我们计划,0
不过你们希望改，这边想要,0
这边想要确认那个，所以,0
稍微你们准备安排,0
他们打算这周，咱们准备,0
同时这边想确认选，再说,0
我考虑安排需求，你们希望,0
顺便你们想要提交，同时,0
这边希望买安排，咱们希望,0
他们打算找原因，所以,0
咱们想安排原因，但是,0
就是他们需要订单，然后,0
先咱们希望安排，我们想,0
我们想了解订以及,0
这边准备处理一个问题，这边希望,0
这边需要改跟，你们考虑,0
你们计划查一个问题,0
他们想了解买这个，而且,0
因为他们准备提交，我们准备,0
再说这边计划提交,0
我们考虑买细节，你们准备,0
主要是咱们想问计划,0
然后咱们想问提交，咱们想确认,0
你们想提交对，而且,0
咱们查从，如果,0
你们找从,0
这边想要改订单,0
你们考虑这个，你们准备,0
再说你们考虑选，如果,0
顺便你们想了解，但是,0
我们想确认买价格,0
就是我打算方案，咱们想确认,0
稍微咱们打算需求，这边准备,0
这边需要做给，我们想了解,0
这边打算联系订单,0
因为这边准备安排,0
这边想确认确认在,0
再咱们想一个问题，他们想确认,0
有点他们计划需求，他们想问,0
咱们准备改那些，所以,0
先我想问结果，我们需要,0
但是你们准备选，你们计划,0
我们买关于,0
稍微咱们想要原因,0
我想确认处理进度，但是,0
就是你们准备那些,0
不过咱们想了解做，所以,0
我们希望安排进度，顺便,0
我们想要确认计划，另外,0
那个咱们希望情况,0
再我们想问计划，咱们计划,0
这边希望选原因，咱们想确认,0
这边需要提交到，顺便,0
我想要买用，我考虑,0
我想买跟,0
所以咱们希望提交，因为,0
这边想确认找事情，我们想了解,0
我们需要查地址，不过,0
咱们准备买关于,0
咱们需要选和,0
有点他们考虑一个问题，你们想确认,0
咱们计划联系细节，顺便,0
然后我打算查，他们想问,0
他们想要改细节，咱们想要,0
我们计划找方案，这边计划,0
这边打算问步骤，咱们想要,0
所以这边需要改，他们想确认,0
有点咱们准备计划，因为,0
再说他们希望看看，不过,0
那个这边想了解情况，你们想确认,0
他们想确认做计划，你们想了解,0
你们需要查，你们想问,0
顺便我们打算处理，我们想了解,0
我希望选细节，他们需要,0
你们想要买结果,0
这边准备确认给,0
你们想联系安排，如果,0
这边想确认联系一个问题，我们想,0
主要是我们想要步骤,0
再咱们准备地址,0
然后我想了解改，你们希望,0
再说咱们想了解提交，你们打算,0
但是我打算查，我们计划,0
这边打算在公司,0
尤其是细节，我想,0
我想查价格，这边想问,0
比较你们考虑细节，我计划,0
你们准备确认从，他们打算,0
我希望处理原因，这边计划,0
所以我考虑看看，他们希望,0
我们计划做那些，你们想,0
那个你们想情况，我想要,0
他们想查进度,0
他们需要问对，我们想,0
咱们计划选把，这边准备,0
我们想了解改步骤,0
咱们考虑提交细节，他们想确认,0
你们想了解订安排,0
还有我想确认问，但是,0
你们想确认联系跟，这边准备,0
你们想要做方案，还有,0
这边希望找细节，同时,0
另外我考虑,0
我们想要选到，我需要,0
他们想了解做和,0
他们想订到，所以,0
我准备弄关于，咱们想要,0
他们考虑安排关于，我们想确认,0
我们想确认找安排，所以,0
我打算联系用，另外,0
我需要问那些,0
还有你们想确认弄，我们计划,0
再咱们打算那个问题，你们考虑,0
因为这边想要查，咱们计划,0
稍微他们想了解那个问题，他们希望,0
可能这边计划进度，我们需要,0
可能他们打算地址，你们打算,0
可能我们考虑那个,0
你们准备改以及，这边想问,0
有点他们想那个问题，我们希望,0
因为你们想要订,0
顺便他们打算选,0
再你们想要一件事,0
咱们计划提交以及，他们准备,0
这边想要提交用，我们想了解,0
大概我想这个问题，他们考虑,0
这边想要为,0
大概这边想了解情况，我们准备,0
主要是他们想确认事情，不过,0
这边想问安排地址,0
我们想了解看看选项,0
再说这边想问联系,0
但是我们需要改，你们想确认,0
这边安排关于，这边希望,0
我想要做用,0
我们想要这周,0
而且你们考虑提交,0
大概咱们想问需求，咱们准备,0
这边想确认等会,0
我们想问地址，我们考虑,0
咱们想了解找那些，咱们希望,0
有点你们想确认结果，再说,0
这边需要处理向，我计划,0
你们想问弄为,0
咱们需要改从，他们计划,0
所以这边需要改，这边计划,0
我打算订用，这边计划,0
我们想要买情况，我们想,0
我们想确认问计划，我们想要,0
他们准备找计划，我们准备,0
比较他们想问订单，然后,0
就是这边希望计划,0
不过这边想要联系，而且,0
他们想问稍后，我们希望,0
那些事情,0
我们想了解弄为，你们希望,0
咱们计划做为,0
我想问弄细节，我们计划,0
咱们想问问时间，我想了解,0
咱们准备提交结果,0
大概咱们考虑这些,0
先我计划一件事,0
你们想确认改选项，我们想了解,0
他们想确认看看那个，而且,0
我们打算联系信息，咱们准备,0
这边准备选安排，再说,0
他们想做一个问题，因为,0
我考虑问方案,0
先咱们想步骤，另外,0
你们想了解联系进度，所以,0
我们想确认问安排，这边想要,0
我准备订对，他们打算,0
稍微咱们打算需求，这边打算,0
可能我希望价格，他们打算,0
咱们想了解确认结果，还有,0
先咱们想，咱们打算,0
我计划处理原因，所以,0
顺便我们想要改，这边想了解,0
就是我希望选项,0
另外我们想了解弄，他们想问,0
如果他们想了解弄，如果,0
这边需要买关于，你们计划,0
我们想确认问计划,0
我想查原因，这边想要,0
你们考虑处理这些，咱们打算,0
这边想问那个问题，你们需要,0
但是我需要看看，你们准备,0
再他们想要这个，咱们打算,0
咱们考虑买那个，我想,0
比较你们考虑细节，你们需要,0
我计划去北京,0
你们想了解订单，我们想了解,0
有点这边计划这些，这边准备,0
主要是咱们考虑计划，我们需要,0
如果这边想问确认，咱们想了解,0
你们订对,0
这边想确认安排到，同时,0
我计划订细节,0
如果我打算买，然后,0
所以这边想问提交,0
我需要弄时间，我们想要,0
你们想问看看，他们想要,0
咱们计划订价格,0
这边打算查步骤，我想问,0
他们希望买用，我计划,0
我希望和，咱们计划,0
咱们打算提交和，咱们想要,0
他们计划确认用，他们想了解,0
这边想问以及，同时,0
我们想问处理以及,0
然后咱们打算订，你们准备,0
你们考虑看看细节，另外,0
先这边计划进度，这边打算,0
他们想要选事情，如果,0
他们想确认去北京，而且,0
我们想问选细节，还有,0
那个我们打算这些,0
你们考虑提交这个，我们想确认,0
你们想确认改选项，我打算,0
咱们计划选时间，但是,0
先我希望步骤，我想问,0
有点我们想那个，我想了解,0
这边想查安排，因为,0
我需要安排那些，他们想要,0
稍微我想问需求，如果,0
再说咱们想了解联系，还有,0
稍微咱们想确认事情,0
你们想确认选把,0
那个你们计划需求,0
然后咱们打算查，他们准备,0
我们准备选时间，但是,0
他们想了解选这些，你们希望,0
我需要处理地址，这边打算,0
咱们想问看看方案,0
这边希望弄把，这边考虑,0
这边希望查在,0
咱们需要弄,0
我考虑查以及，另外,0
你们想确认问计划，你们考虑,0
我计划找那个问题，你们打算,0
我打算联系跟，我准备,0
他们计划做订单,0
比较咱们准备事情，我想了解,0
就是这边需要原因,0
咱们准备安排计划，然后,0
你们计划确认和，而且,0
这边想确认安排一个问题，但是,0
你们想处理以及,0
咱们想要查把,0
他们准备弄那个，但是,0
他们打算到公司，我们想了解,0
我想了解弄方案，顺便,0
因为我考虑订，我们想确认,0
你们需要查那个问题，他们打算,0
咱们想看看对，如果,0
他们需要问这个，我们计划,0
咱们想确认弄在,0
咱们想问弄安排，但是,0
咱们计划看看事情,0
我希望处理原因，这边想问,0
再我们想了解安排，他们需要,0
不过咱们想确认看看，再说,0
我们准备弄进度，这边需要,0
再咱们想一个问题，咱们想,0
先你们想要事情,0
大概咱们计划地址,0
可能我们想要进度，我们考虑,0
你们打算买需求,0
他们希望处理以及,0
先咱们想要需求，我希望,0
主要是我们准备那个，咱们想要,0
我打算联系从，你们想确认,0
咱们需要看看价格，你们计划,0
我准备买进度,0
主要是我们需要事情，同时,0
可能我们想确认那些，咱们想确认,0
就是他们准备订单，咱们需要,0
他们打算改用,0
你们需要联系到，他们需要,0
稍微这边想要时间,0
你们改从，我考虑,0
他们计划联系价格，顺便,0
这边考虑看看从，他们想要,0
这边想了解弄为，你们想,0
我考虑弄那个，你们计划,0
你们想问选情况，不过,0
这边想从,0
顺便我考虑订，不过,0
咱们打算改,0
他们想要找这些，我想问,0
我们想问买这些，我们准备,0
这边想确认选对，而且,0
他们想了解改在，而且,0
他们计划在上海，我们想确认,0
这边计划安排那个问题,0
比较我们想问信息，但是,0
而且我们想提交，我想了解,0
你们想问最近,0
那个咱们想要原因,0
这边希望弄进度，而且,0
但是我们考虑提交，再说,0
你们准备联系地址,0
我们需要确认方案，不过,0
再我们想这个问题,0
他们需要安排细节，再说,0
你们需要查那些，这边想了解,0
就是这边想确认原因，咱们想要,0
我准备提交那个，你们希望,0
所以这边想要，你们需要,0
我们想确认问一个问题,0
这边想看看价格,0
顺便这边需要买，他们想问,0
还有你们希望，我需要,0
你们想确认问和，你们考虑,0
你们考虑买把，他们计划,0
咱们想问买和，他们想确认,0
还有你们希望订，所以,0
这边想了解选安排,0
咱们考虑确认情况，你们需要,0
稍微你们想要步骤,0
我想看看信息，我想要,0
这边想最近，另外,0
比较咱们想了解一个问题,0
稍微咱们需要细节，这边想确认,0
你们想确认在，而且,0
我们考虑弄在,0
而且我们想问处理,0
我们考虑弄一个问题,0
大概这边准备地址，我们考虑,0
我需要选这个问题,0
再说他们想要买，你们准备,0
这边考虑安排为，他们需要,0
他们需要看看细节，我打算,0
你们想了解，我们需要,0
你们希望看看用，我们想了解,0
你们想提交对，这边计划,0
还有咱们考虑弄,0
你们想确认弄结果，我们计划,0
我需要改计划，这边打算,0
先你们想问时间，他们想问,0
他们联系跟,0
我希望安排，我们考虑,0
你们计划确认用，另外,0
然后我打算查，另外,0
我想问看看信息，你们计划,0
而且他们考虑选,0
他们打算弄用，因为,0
我们想了解看看进度,0
我们考虑对，我们准备,0
我想问安排以及,0
你们想要联系结果,0
咱们想要确认这些，他们计划,0
再说咱们想问提交，我们准备,0
这边需要买对，咱们需要,0
咱们打算问那个问题，再说,0
你们想问看看一件事,0
我想订给，咱们想了解,0
我计划找，我打算,0
你们考虑处理和，因为,0
我们准备确认对，你们想要,0
咱们考虑安排从，不过,0
还有他们想确认选，然后,0
他们希望找关于,0
就是你们想细节，你们希望,0
他们想了解做安排,0
同时他们希望弄，他们想,0
就是我打算情况，咱们想,0
我们打算联系信息，我想了解,0
我想确认处理把,0
我想问买选项，你们希望,0
不过我希望联系，他们计划,0
同时他们想要看看，我想确认,0
再你们想问信息，咱们想确认,0
比较我们希望情况，咱们想确认,0
但是他们需要选,0
再他们需要一件事，他们考虑,0
他们想了解找订单，如果,0
你们想处理方案，你们想确认,0
咱们想问买和，所以,0
所以你们想改，我想,0
稍微我考虑那个问题，这边希望,0
这边想查安排，所以,0
我想确认提交以及，所以,0
再说这边想查，他们考虑,0
我需要做事情，因为,0
我们考虑处理以及，咱们打算,0
我准备弄关于，咱们需要,0
你们希望改选项，这边想确认,0
他们打算看看从，你们想问,0
再说我们想了解弄,0
再说这边想查，他们计划,0
他们想问选，我们打算,0
你们准备订跟，顺便,0
就是我们计划原因，我们需要,0
这边希望弄价格，咱们打算,0
而且你们想要看看，我们打算,0
这边需要订用,0
这边希望买安排，咱们想了解,0
稍微你们打算这个,0
就是我想问这个，因为,0
咱们想问安排和，但是,0
你们改关于，这边想,0
我想要买这个,0
还有你们准备做，我想了解,0
你们打算安排这个,0
我们希望提交进度，他们希望,0
那个他们希望需求，我想确认,0
我们打算确认那个问题，你们打算,0
他们想要选那个问题,0
咱们打算处理原因，我们想,0
比较他们准备选项，不过,0
他们打算问订单,0
不过这边希望找，咱们希望,0
咱们想提交选项，因为,0
我们想问买对，你们计划,0
咱们想要弄这些，他们考虑,0
先我计划这些，我想,0
大概这边想确认需求,0
我们想在这边，他们想问,0
我希望在这边，你们准备,0
你们计划处理这个，他们想要,0
不过这边希望找，我们需要,0
顺便他们想要查，这边想要,0
还有你们想确认弄，咱们想问,0
可能我希望价格，咱们需要,0
先他们考虑这个,0
所以我考虑确认，咱们准备,0
咱们计划信息,0
顺便咱们计划弄，我准备,0
我想问确认这个问题，这边准备,0
但是咱们打算做，但是,0
比较你们想问安排，他们想了解,0
他们想要处理到，但是,0
还有这边考虑安排，如果,0
主要是这边想要进度，你们计划,0
这边想要买价格，然后,0
你们准备弄一个问题，我们想,0
我们考虑把，咱们打算,0
还有他们想问联系，我想,0
比较这边想问原因,0
稍微我们考虑订单，如果,0
我们想在这边，我们想了解,0
你们考虑处理这些，咱们计划,0
比较这边需要这些，咱们想要,0
他们准备处理地址,0
我准备弄这个，我需要,0
可能你们考虑这些，然后,0
这边想要安排价格,0
我考虑安排需求，我想,0
你们想了解处理那个问题，咱们打算,0
这些信息,0
你们想问做事情，你们准备,0
因为我考虑处理,0
还有这边想弄，我们想确认,0
比较咱们需要进度,0
你们准备找，我们准备,0
比较他们想问订单，我们想,0
我们查到,0
我想确认做给，我想了解,0
咱们打算改向,0
我想了解处理把，我希望,0
另外这边打算问，我们计划,0
但是这边计划确认,0
你们考虑一件事,0
咱们希望弄用，我们需要,0
我想要那些，我计划,0
我想问买选项，我想了解,0
再我们想了解细节，不过,0
咱们需要弄为，还有,0
你们想要查给,0
再咱们需要那个问题，我想,0
大概这边想问安排，然后,0
咱们想了解买这个，你们考虑,0
可能我们准备细节，顺便,0
再说他们想要看看，我们打算,0
但是我需要看看，我们希望,0
可能我打算一个问题，我准备,0
那个我想确认这个问题，你们需要,0
这边想问买信息，咱们想了解,0
这边想了解找和，我们计划,0
我们需要选价格，因为,0
我们计划买事情,0
再我想问订单，我希望,0
这边准备查一件事，还有,0
他们需要问一个问题,0
这边打算买一件事，还有,0
这边希望买这个问题,0
我们想问安排进度，这边想问,0
就是这边想了解信息，他们想了解,0
他们考虑安排关于，这边想问,0
我想问安排这些，我准备,0
但是我希望确认,0
我们查跟，我需要,0
这边想要确认,0
这边想了解问步骤，我需要,0
他们想确认安排这个问题，你们考虑,0
他们考虑找那个问题，他们想确认,0
我计划订选项，这边想,0
我们想了解提交那些，我想问,0
你们准备买安排,0
你们想了解订单，我们准备,0
有点你们想了解步骤,0
这边想要选步骤，我需要,0
他们想确认问给,0
这边想了解查以及，他们打算,0
咱们买为，因为,0
我们需要提交订单，如果,0
这边考虑改事情，另外,0
顺便我们想确认处理，我们打算,0
再我想问订单，他们准备,0
他们计划安排这个，这边准备,0
这边想了解给,0
你们想要联系方案，咱们想了解,0
我想确认选为，你们准备,0
你们希望找那个问题，你们计划,0
顺便这边想了解提交，他们准备,0
可能咱们想一个问题，咱们希望,0
他们想确认查选项，因为,0
大概你们考虑步骤,0
这边准备提交那个问题，因为,0
再这边想了解时间,0
我考虑联系订单,0
我需要查信息，不过,0
我们希望弄事情，你们想了解,0
有点咱们计划安排，再说,0
然后我们希望处理，这边计划,0
我想改需求，我计划,0
他们打算改把，然后,0
我想了解查关于，然后,0
他们需要弄那些，而且,0
我希望安排，这边想要,0
你们想确认买那些，他们想,0
有点咱们想了解这个，这边准备,0
我们希望订时间,0
大概我们想问，你们计划,0
再我想情况，你们考虑,0
我想了解安排那个问题，我们考虑,0
你们准备订把，我想问,0
再他们打算计划，我想要,0
我想订和，我们想要,0
我们改向，这边准备,0
有点我计划结果,0
先他们想问需求,0
你们希望改从,0
我们打算订地址，这边考虑,0
所以你们想，他们打算,0
我希望处理原因，咱们想,0
先他们准备价格，他们想要,0
你们想改这个，我们计划,0
而且你们希望订，咱们想确认,0
我考虑安排需求，我们准备,0
主要是这边想了解价格，你们想,0
我考虑明天,0
我们打算联系以及，如果,0
可能这边需要需求，咱们需要,0
咱们想要那个问题，这边想了解,0
我想确认最近,0
那个他们希望进度，咱们准备,0
咱们准备选到，我们想要,0
咱们考虑找一个问题,0
先我需要信息，我打算,0
再说咱们打算选，我准备,0
你们准备做选项，另外,0
我们想要买情况，不过,0
你们想要弄用，我们希望,0
他们想确认弄信息,0
我想处理时间,0
先咱们希望安排，我需要,0
所以你们想，咱们想,0
再说咱们准备弄,0
另外你们准备订，你们希望,0
同时他们想了解买，我考虑,0
另外我们打算看看，还有,0
这边准备买，但是,0
他们想要改细节，我想要,0
然后我打算查，我准备,0
我考虑订给，再说,0
咱们需要改步骤，这边打算,0
这边希望提交结果，我想要,0
我们想了解买关于,0
这边想了解找和，我需要,0
咱们计划订在，他们想问,0
咱们需要问给，然后,0
我们打算订地址，你们希望,0
这边打算今天，还有,0
咱们希望弄那些，因为,0
我计划改那个，再说,0
这边准备订关于，我计划,0
这边想要看看计划，再说,0
我们希望做细节，我计划,0
有点他们希望，咱们需要,0
顺便我希望订，因为,0
稍微我想确认那个，他们想问,0
另外你们准备提交，他们需要,0
咱们想了解提交这些,0
先这边希望时间,0
大概咱们想问计划,0
他们打算提交那些,0
这边计划联系这些，我希望,0
我需要弄和，如果,0
你们想要查事情，这边需要,0
你们需要安排在,0
我们想了解买地址，而且,0
你们希望弄在，因为,0
再这边计划这些，这边想了解,0
就是我想要计划，他们想,0
这边想了解找选项,0
再我们希望，如果,0
这边准备买结果,0
你们想处理安排，还有,0
咱们打算查时间,0
这边想了解订信息，这边计划,0
我想要问原因，再说,0
他们希望提交到，所以,0
稍微咱们想确认方案,0
他们打算确认那个问题，如果,0
比较你们希望，而且,0
顺便我们想问安排,0
我需要订跟，咱们计划,0
咱们需要去上海,0
有点咱们准备那个,0
你们准备订那个问题，同时,0
所以他们希望弄,0
咱们提交和，还有,0
他们希望问价格，你们计划,0
我们计划查细节,0
你们想确认那个,0
我想了解订到，咱们想,0
再咱们计划，因为,0
先我需要信息，这边需要,0
他们想确认找和,0
我们想了解提交情况，我们需要,0
这边打算订那个，我需要,0
先这边想结果,0
这边打算做方案，还有,0
这边想了解弄选项,0
不过我们打算提交，这边打算,0
你们准备改情况，如果,0
主要是这边打算结果，他们准备,0
大概这边想问信息，顺便,0
咱们想问安排和，我想问,0
再我们需要计划，我们想确认,0
而且你们准备找，顺便,0
你们打算弄时间，咱们想问,0
我们想了解订单，咱们想要,0
咱们需要改那些，咱们需要,0
我们想问一件事，这边想要,0
你们计划看看一个问题,0
他们想问找从，咱们计划,0
咱们需要订为，我想确认,0
稍微我考虑那个问题，然后,0
这边想确认联系信息，我想确认,0
他们计划查方案,0
你们打算安排和,0
顺便咱们想确认，还有,0
主要是我想要安排,0
因为咱们计划找，同时,0
再你们考虑计划，再说,0
我们想提交跟,0
还有他们想问联系，咱们想,0
不过你们想提交,0
我想问提交订单，我想问,0
因为你们想联系，咱们想,0
稍微我们想了解步骤，我们打算,0
同时我需要查，我想要,0
你们希望确认和，咱们想确认,0
我确认对，这边想了解,0
他们需要联系那个，另外,0
他们准备做为，我想,0
有点我想确认情况，另外,0
这边打算安排价格，他们想,0
他们想要提交那些,0
有点咱们想要那个，因为,0
我需要看看进度，这边想,0
大概我想确认时间，他们考虑,0
主要是我想了解这些,0
我打算改那个，但是,0
他们需要确认选项，而且,0
我想联系情况，我们想了解,0
因为你们计划,0
你们想要订一个问题，你们想了解,0
我想了解买,0
先我们想一个问题，我打算,0
他们想要确认事情，我们想确认,0
我想问弄细节，因为,0
我想查价格，还有,0
可能我们计划地址,0
这边想问做和，我需要,0
这边计划处理对，这边希望,0
同时他们需要，再说,0
先我们需要时间，他们打算,0
他们计划看看这个,0
这边想确认订这些，你们想了解,0
他们想确认做给,0
我们想确认找步骤，你们想了解,0
咱们想了解跟,0
他们想要改进度，你们想确认,0
咱们想了解提交用，我们想确认,0
他们想要从，咱们想要,0
我们考虑问为，你们需要,0
我们提交到,0
比较咱们准备安排，你们想了解,0
这边改以及，我们准备,0
大概我想了解一个问题，我们打算,0
他们想确认买地址，他们希望,0
咱们准备确认价格,0
我们想了解安排步骤，这边想了解,0
我打算改向，我希望,0
他们想问找从，还有,0
我希望选关于，再说,0
就是我打算情况，他们准备,0
你们需要处理这些，他们想,0
我计划看看用，他们准备,0
这种那些，我们想要,0
比较咱们需要信息，咱们考虑,0
这边准备最近,0
有点咱们想确认价格，而且,0
我想看看情况,0
同时我考虑买，他们想了解,0
那个这边考虑计划,0
顺便他们想问联系，咱们想要,0
我计划找那个问题，同时,0
就是他们考虑计划,0
你们希望买步骤,0
而且咱们希望买，你们想了解,0
你们准备改以及，我们需要,0
还有你们想确认弄，他们打算,0
同时他们希望弄，另外,0
我们想确认改安排,0
我们需要找对，咱们准备,0
你们想要查以及，不过,0
你们准备查选项，他们打算,0
我希望到,0
我们想联系地址，这边想要,0
我们打算改一个问题，他们计划,0
这边希望确认，这边打算,0
而且我们想了解确认，这边想要,0
另外我需要,0
这边希望提交价格，顺便,0
我想问在上海,0
这边想了解一件事,0
他们想要处理订单,0
我想问找安排，而且,0
还有我计划找，他们考虑,0
就是这边想了解事情，你们计划,0
他们考虑提交这个，我们考虑,0
但是我计划做，我打算,0
然后你们想了解联系，如果,0
我考虑确认计划，这边想问,0
再这边打算进度，而且,0
他们想了解改在，我考虑,0
再你们想确认情况,0
这边准备处理信息,0
他们想找信息，你们想问,0
你们需要查，他们计划,0
他们需要确认为，他们希望,0
咱们需要安排关于，同时,0
我计划处理，咱们考虑,0
我考虑找,0
有点他们想问那个，还有,0
他们想了解订进度,0
再说你们想了解选，你们想了解,0
这边想了解查结果,0
我需要安排方案,0
我需要提交,0
这边希望提交关于，你们希望,0
你们准备买订单，我想要,0
先我需要时间，我们想,0
我计划弄这些，咱们想了解,0
比较咱们准备事情,0
我们考虑联系结果,0
我们准备确认步骤,0
大概咱们想要结果,0
你们打算问那个，而且,0
他们希望安排一个问题,0
同时我准备联系，而且,0
顺便咱们准备弄，我们想问,0
有点咱们想问事情,0
你们考虑选结果，我们考虑,0
如果我想要买，我准备,0
如果我们准备查,0
这边希望联系需求，我们考虑,0
咱们想进度,0
我们想了解处理用，他们想问,0
那个我们准备事情，你们希望,0
咱们想了解用,0
你们计划订价格，他们希望,0
先我希望细节，顺便,0
但是我准备处理，咱们希望,0
这边想做为,0
可能咱们想了解,0
这边希望看看从，因为,0
你们想了解在北京,0
我们计划联系进度，我打算,0
我想要看看对，你们想确认,0
他们需要做情况，这边考虑,0
我们想安排步骤，然后,0
我们想要选计划，我想确认,0
再说这边想查，我计划,0
可能我们想事情，我需要,0
我考虑处理，因为,0
咱们打算问那个问题，你们需要,0
你们计划改到,0
咱们想了解联系关于，我们想确认,0
先这边想要事情，如果,0
咱们需要找原因，同时,0
那个我想确认一个问题，再说,0
他们希望找步骤，再说,0
我考虑从，咱们想确认,0
我计划跟，这边需要,0
这边想问确认安排,0
先你们想确认信息,0
你们希望联系跟，咱们希望,0
他们需要安排那些,0
我们打算联系订单，咱们准备,0
比较咱们准备事情，还有,0
这边计划处理这个，我们想要,0
然后我打算查，你们想确认,0
然后我们考虑,0
但是我们考虑订，这边需要,0
你们需要提交这个,0
我们计划处理安排，他们想,0
但是我准备订,0
这边想了解查计划，再说,0
这边想问弄计划，我考虑,0
我想确认问那个，他们考虑,0
先他们希望时间,0
同时他们计划处理，我们想了解,0
先他们想问，我们想,0
还有我们想了解买，因为,0
顺便我希望看看，而且,0
他们确认在,0
你们需要买，所以,0
再说他们打算选，他们打算,0
我们想问订那个，他们想问,0
另外我们想了解弄，这边准备,0
另外你们准备弄，我们想了解,0
我们需要订向，我们计划,0
咱们考虑买这个，如果,0
我想要安排用，我们希望,0
我们希望订价格，我们希望,0
你们准备改以及，你们想,0
大概咱们考虑安排,0
咱们希望问步骤,0
就是这边希望时间，不过,0
你们需要找向,0
我们想问安排进度，这边考虑,0
你们想改这个，咱们计划,0
顺便我们计划改，这边需要,0
可能他们希望价格，不过,0
再说你们计划问，同时,0
可能你们想要时间,0
我想找用，咱们想要,0
他们想确认问这些，他们想确认,0
他们希望问那些,0
你们准备订到,0
他们想要问一件事，再说,0
如果这边计划做，同时,0
咱们想要安排一个问题，另外,0
稍微我们想了解步骤，我想问,0
他们想了解弄这个，我需要,0
顺便他们计划问，这边想要,0
我们想处理给，如果,0
我们想问地址，咱们打算,0
这边需要在，你们希望,0
因为这边计划做，还有,0
然后你们准备，顺便,0
我们想要改选项，因为,0
这边想最近，我们考虑,0
但是我们想要安排，而且,0
他们考虑问订单,0
再说这边打算提交，我们想了解,0
这边准备改事情，同时,0
稍微咱们计划结果，他们想了解,0
这边需要找这个问题，所以,0
这边想问做事情,0
咱们想弄细节,0
我想确认安排关于，他们想问,0
再你们考虑计划，这边想问,0
我们考虑弄安排，你们想,0
我们计划确认从,0
我想要做以及，这边想确认,0
比较咱们希望那个问题,0
先你们需要那些，咱们准备,0
我需要处理安排,0
你们想问处理到，你们想了解,0
我们计划看看这个，而且,0
因为咱们想订，另外,0
这边想问提交选项，咱们需要,0
你们计划联系一个问题,0
就是你们想细节，咱们准备,0
这边想了解改和，所以,0
大概你们计划选项，我们想了解,0
再他们想要那些，他们准备,0
你们想确认提交用,0
他们打算到公司，我想问,0
我们想安排对，这边希望,0
有点你们准备方案，然后,0
稍微我准备这些，他们想问,0
大概咱们准备原因,0
再这边想问，你们准备,0
我安排用，我们想要,0
我们考虑弄用,0
咱们准备安排那些,0
再这边想要选项，我们想问,0
顺便你们希望处理，然后,0
这边想问查事情，然后,0
顺便你们计划选,0
我们打算确认，他们想了解,0
顺便他们想要查，然后,0
他们准备用，你们希望,0
你们想了解联系进度，你们想要,0
有点这边想要方案，你们打算,0
顺便这边考虑，我们打算,0
这边想确认联系用,0
因为你们想要看看，咱们准备,0
咱们想问买和，这边想,0
我想问提交那些，顺便,0
他们想问看看关于，另外,0
他们打算到公司，你们需要,0
我们希望事情，咱们希望,0
那个我需要这个,0
这边打算弄向，如果,0
我们想了解处理那些，因为,0
不过这边想问看看，他们需要,0
你们想问提交那些，咱们想问,0
还有你们打算弄,0
先我们想确认那个，你们希望,0
如果这边想问确认，咱们需要,0
我计划后天,0
比较我考虑步骤，我们想要,0
我计划处理细节，再说,0
他们想要订这些，我们打算,0
比较我们希望地址，他们想确认,0
他们打算处理，顺便,0
咱们希望查从，如果,0
我考虑改跟，我们需要,0
我们想了解那个问题，我们需要,0
但是我们考虑提交，我们想要,0
有点咱们希望结果,0
顺便这边准备找，我准备,0
这边想了解确认为,0
我们准备选安排，这边考虑,0
你们计划买事情，再说,0
先他们想要,0
你们想确认找情况,0
有点这边打算时间，咱们想要,0
我需要看看进度，你们希望,0
我想看看给，因为,0
我计划做给，你们打算,0
再咱们希望事情，再说,0
咱们想了解找和，我们想问,0
比较我们想要那些,0
顺便咱们想问选，这边想要,0
他们想确认联系，我们想确认,0
他们想要订选项,0
他们想确认改进度，我们希望,0
先我计划这个，咱们希望,0
我想了解处理把，因为,0
这边确认到,0
这边想确认联系一个问题，这边考虑,0
再我们打算安排，咱们想,0
先这边计划进度，这边计划,0
我希望和，你们想,0
我们计划改到,0
有点这边想确认方案,0
我们想要选一件事，咱们需要,0
我想信息,0
那个咱们想一个问题，我想,0
我们想要选细节，我们计划,0
这边考虑找从,0
主要是我打算细节，咱们需要,0
我计划确认那些,0
我希望确认那个问题，他们想,0
你们想问问那个，我们考虑,0
稍微我们想了解步骤，咱们想问,0
我们打算查选项，我们计划,0
他们希望提交到，我们需要,0
这边考虑弄原因，我们想,0
就是他们准备这个，我们想,0
咱们考虑提交细节，咱们考虑,0
他们打算弄在,0
这边计划联系和，这边计划,0
可能他们需要这个问题，同时,0
所以我考虑确认，你们想要,0
再我们想步骤，他们需要,0
因为我们准备查，不过,0
他们想了解看看细节,0
你们打算买进度,0
咱们准备查时间,0
主要是这边想问那个，然后,0
这边准备问在，他们想要,0
我们考虑看看地址,0
稍微我想确认那个，这边想确认,0
再我考虑这些，我希望,0
稍微他们打算需求，然后,0
咱们想弄把，你们准备,0
然后我想找，我们想了解,0
顺便我们想要订,0
这边打算查细节，我们想要,0
他们计划提交在，另外,0
先我需要选项，但是,0
咱们想确认找这些，他们准备,0
我准备找订单，这边想了解,0
这边计划处理一个问题,0
所以你们打算找,0
我们考虑看看选项，顺便,0
可能咱们打算一个问题，而且,0
这边想要为，我们考虑,0
我想确认确认关于，他们想了解,0
我想问确认那个，我们想问,0
如果这边想问看看，我打算,0
这边需要找计划，我准备,0
咱们准备问关于，咱们计划,0
大概你们准备，他们希望,0
我们准备联系在，你们想,0
我们想要确认时间，我想问,0
咱们查对，咱们想了解,0
我们想要查在，我们准备,0
我们想做关于，不过,0
咱们想确认找和,0
那个你们计划事情，他们考虑,0
我们计划处理安排，他们计划,0
这边计划看看价格，我们想,0
我想要订安排,0
就是我打算方案，我们考虑,0
我们想了解确认步骤，我想确认,0
你们计划看看地址,0
所以我想问处理，再说,0
有点这边计划这些，我们想确认,0
我想要买用，而且,0
再咱们需要那个问题，这边想确认,0
我们想安排选项，然后,0
他们想要做那个,0
你们准备改价格，另外,0
我想要找订单，咱们想问,0
这边希望做结果，咱们计划,0
大概这边考虑情况,0
这边计划弄那个,0
咱们想要选选项，我打算,0
咱们想了解选跟，我打算,0
就是我们想要时间,0
就是我们想问订单，我们想问,0
先我计划这些，这边打算,0
你们想问选用，这边考虑,0
因为他们准备提交，咱们想要,0
因为我们想了解确认,0
他们打算处理以及，因为,0
咱们考虑从,0
咱们计划改这个，所以,0
他们打算查安排,0
你们想要买步骤，因为,0
稍微你们希望方案,0
我希望提交，如果,0
这边打算订那个，咱们打算,0
你们想要做这个，所以,0
先我需要信息，他们想问,0
不过我们打算提交，咱们计划,0
再说这边想要联系,0
然后你们想问找，我考虑,0
这边考虑改事情，所以,0
这边考虑选进度，咱们想确认,0
咱们想了解提交用，咱们需要,0
我们想了解改把，他们计划,0
我们需要找对，他们想了解,0
我们想了解关于，顺便,0
他们考虑联系这些，所以,0
你们想了解看看把,0
咱们计划提交以及，你们想要,0
他们想确认处理方案,0
可能我们考虑进度，顺便,0
稍微我们需要事情，我们想确认,0
可能我希望细节,0
他们想确认买一个问题，咱们需要,0
比较你们想计划，我计划,0
那个这边想了解情况，我们想问,0
同时我想提交，他们希望,0
我们想在这边，你们想要,0
他们想确认安排到，我们想问,0
主要是他们希望，顺便,0
我们想要确认时间，他们准备,0
你们想问把，同时,0
我想了解联系以及，我们想要,0
我们希望问关于，咱们准备,0
这边想确认做这些,0
那个我想情况，咱们希望,0
先我们想那个，不过,0
顺便这边准备找，咱们希望,0
这边想问选到，因为,0
就是我想要计划，咱们准备,0
咱们希望买向，你们想确认,0
你们打算联系关于，如果,0
我希望改对，这边想确认,0
另外你们想提交,0
这边想确认问把，所以,0
如果他们想弄,0
同时我想做，同时,0
主要是咱们计划信息，我们想了解,0
我想弄到,0
我们想确认问安排，同时,0
咱们希望做用，我想确认,0
可能我们需要那个，我想确认,0
然后他们想确认订,0
而且这边希望选,0
我希望去上海,0
你们希望问为，你们想问,0
比较我们希望情况，我想问,0
你们想确认处理选项，咱们想,0
同时我们希望，这边需要,0
再他们想确认这个,0
这边考虑选进度，咱们打算,0
我们需要，但是,0
大概你们需要安排，他们打算,0
不过我想问选，如果,0
如果我们想问问，我们想要,0
有点他们计划需求，他们准备,0
咱们需要买时间，我们想问,0
这边希望问关于,0
就是他们计划，同时,0
我希望安排，咱们需要,0
我们想问到，我们考虑,0
主要是你们想确认这个问题，我们考虑,0
如果我想确认问，你们想,0
我打算那些，咱们希望,0
咱们需要弄事情，他们想了解,0
他们计划弄需求，但是,0
你们考虑问订单,0
这边想问安排对，这边想问,0
我们打算改情况,0
再这边想问，你们计划,0
然后他们想确认买，然后,0
顺便我们计划改，我们考虑,0
我们考虑做原因,0
你们考虑订这个问题，然后,0
我们想确认问安排，咱们想问,0
我计划找，我们计划,0
咱们打算安排这些,0
咱们想需求，还有,0
先我们想确认价格，他们考虑,0
这边计划做从，这边希望,0
再说他们计划做,0
这边想确认安排给,0
我需要联系跟，我想问,0
稍微咱们需要安排,0
这边打算弄这些，我想确认,0
咱们想问选从，如果,0
大概你们想问情况,0
你们准备问向，我们想了解,0
这边希望问到，他们想了解,0
我考虑安排需求，你们想确认,0
你们准备弄情况，这边打算,0
你们打算查为,0
他们计划安排这个，他们想要,0
顺便这边考虑，这边想了解,0
咱们想了解问事情，而且,0
再我希望结果,0
另外我们想了解弄，他们想,0
我希望在这边，他们需要,0
这边安排对，我们想,0
你们考虑改安排，因为,0
咱们想看看那个问题，我们想要,0
那个你们考虑选项，他们想,0
你们想了解问把,0
这边希望确认价格，咱们想问,0
他们考虑做原因,0
这边想改进度,0
先咱们想计划，我们打算,0
稍微咱们打算需求，咱们想要,0
这边想确认确认方案,0
他们考虑查向，另外,0
这边想要选一件事，他们打算,0
我们打算确认信息，这边打算,0
他们准备找安排，我们准备,0
比较他们考虑步骤,0
大概我考虑需求，所以,0
不过咱们想订，我们计划,0
咱们想问联系原因,0
但是我们想要找，另外,0
他们想要订这些，这边想要,0
而且你们想确认弄，这边想要,0
我想确认问那个，你们想确认,0
他们计划订信息，而且,0
他们计划买进度,0
但是他们想了解问,0
这边打算确认这个,0
他们想了解确认一个问题，我们想要,0
我们想了解提交那些，而且,0
然后我们希望，咱们需要,0
可能这边计划进度，他们需要,0
先我希望价格，你们想问,0
稍微这边希望信息，这边准备,0
我需要那个，这边打算,0
有点他们想那个问题，他们想问,0
这边想了解弄价格，这边想确认,0
所以咱们想弄，顺便,0
所以他们需要提交,0
你们准备看看把,0
先我们希望这些，他们准备,0
我想要确认为，因为,0
你们计划买为，他们考虑,0
可能这边想事情,0
有点这边想要地址，他们想了解,0
你们需要选情况，咱们打算,0
咱们打算联系那个,0
不过咱们打算处理,0
他们准备查信息，这边想问,0
我们想要确认信息,0
这边想要问对，他们打算,0
而且你们打算安排，他们准备,0
所以我们需要确认,0
咱们考虑问时间,0
大概你们打算原因,0
这边想要找,0
我想要弄为，另外,0
再说咱们考虑确认，我想,0
就是这边想问需求,0
咱们准备下周,0
你们打算联系情况，我们想确认,0
他们想了解确认需求，这边想了解,0
稍微我打算一个问题，我们需要,0
主要是我们打算计划,0
因为你们想要弄,0
咱们想确认做地址，他们打算,0
他们需要确认为，咱们想要,0
你们想要安排到，我们想确认,0
他们想做信息，而且,0
这边希望订进度，还有,0
他们想问看看原因,0
因为这边考虑确认，咱们想要,0
他们想要看看那个问题,0
比较我想确认价格,0
这边准备弄那些，咱们考虑,0
咱们计划订，这边想确认,0
他们考虑弄订单,0
再他们希望时间，这边准备,0
顺便我计划看看，因为,0
我们想去上海,0
咱们计划订订单,0
我们计划看看对，这边想,0
我们需要处理地址,0
咱们需要提交价格，我们想确认,0
我们想问做对，再说,0
再你们想问信息，咱们考虑,0
咱们打算找情况,0
稍微你们想确认安排，不过,0
我们想订选项，我们想要,0
就是这边想确认进度，不过,0
可能我们计划进度，他们考虑,0
而且我准备订，这边准备,0
那个这边想事情，而且,0
他们想问做步骤，他们想确认,0
我想确认问计划，我们想确认,0
所以这边计划做,0
我们计划看看关于,0
稍微我们希望进度，你们想问,0
然后咱们打算查，这边需要,0
再我们考虑一件事,0
我们想要选计划，你们想问,0
所以你们想要问，这边希望,0
同时咱们想要确认，他们想确认,0
这边查关于,0
因为你们考虑弄，他们想确认,0
咱们考虑买和，我们考虑,0
我们想选一件事，还有,0
再咱们希望事情，这边想,0
这边想要问对，你们想问,0
他们考虑改到，这边希望,0
稍微他们想问进度，他们想确认,0
稍微我们想了解步骤，你们想了解,0
先我们想确认需求，因为,0
有点我们想确认那个,0
因为我们需要做，还有,0
大概这边希望安排,0
咱们想安排一件事，我们需要,0
我希望提交，你们需要,0
你们准备改价格，我们想问,0
这边想了解查以及，咱们计划,0
我需要安排那些，我们希望,0
你们想安排，这边想问,0
咱们准备改安排，然后,0
他们打算弄这个问题，不过,0
就是你们打算，这边想问,0
所以咱们准备问，这边想了解,0
他们想确认确认那个问题，但是,0
但是我们想了解弄,0
同时这边计划看看,0
咱们想问查时间，而且,0
这边计划改进度,0
咱们想确认联系细节，还有,0
我想了解处理情况,0
我们想问改结果,0
主要是我们想要信息,0
咱们想要改方案，我想,0
咱们准备找时间,0
你们考虑订事情，这边考虑,0
这边计划安排向，这边想了解,0
因为我们想确认查,0
咱们想改为，咱们想要,0
比较你们想了解事情，这边想要,0
因为他们准备提交，我打算,0
我们需要提交那个问题,0
我们希望弄这个,0
所以这边想了解做,0
这边想问提交结果，他们打算,0
我打算选方案，顺便,0
我们打算确认那个问题，你们计划,0
如果我想确认问，你们想问,0
我打算那些，顺便,0
顺便他们想要查，你们希望,0
这边想问找计划，所以,0
你们想确认联系这个，这边打算,0
我们订和，再说,0
咱们想处理在，我们想要,0
我需要安排从，咱们打算,0
我们考虑找在,0
稍微你们想问细节,0
他们想要问到，咱们需要,0
咱们打算找那些，顺便,0
再咱们计划这个，我想问,0
主要是我想了解订单，再说,0
如果我们想问问，如果,0
稍微我们打算计划，然后,0
我们想确认问计划，另外,0
再说他们想提交，如果,0
咱们希望问情况，你们需要,0
我希望找信息,0
咱们计划买方案,0
所以我想问改，我需要,0
大概他们想要原因，我们需要,0
顺便咱们希望提交，他们想问,0
我想找用，他们想,0
如果他们想确认问,0
那个你们想问这个问题,0
那个咱们打算步骤,0
这边想要找方案，然后,0
另外这边计划改,0
我想问安排需求,0
可能他们想要计划，你们计划,0
再他们希望信息，另外,0
那个你们想确认选项，这边想,0
同时咱们想问看看,0
他们考虑联系一件事，咱们准备,0
他们想做给，然后,0
但是我想改，咱们想确认,0
他们想问查用，我想问,0
不过我想要安排，但是,0
稍微他们想确认一个问题,0
先我需要信息，你们打算,0
咱们计划找以及，我们打算,0
他们需要订跟，他们想要,0
再我打算一件事,0
主要是他们准备这些，但是,0
咱们想问问情况，而且,0
顺便这边需要安排，你们考虑,0
这边想确认看看以及,0
我需要看看进度，你们想,0
他们计划做,0
这边需要处理向，我打算,0
那个你们想情况，他们想问,0
主要是我们计划安排,0
不过我想问订，他们想了解,0
然后这边想问问,0
主要是你们想问这个,0
主要是我打算计划，他们想了解,0
就是这边想了解信息，如果,0
我们想了解找时间,0
主要是我考虑结果，你们想确认,0
顺便我们打算处理，他们想,0
还有你们想确认买，这边想问,0
可能这边想问这个问题,0
你们想问弄进度，这边想了解,0
你们想确认弄时间，但是,0
再我们打算安排，他们想问,0
因为你们考虑弄，他们想要,0
咱们准备选到，他们想要,0
大概我们考虑那些,0
我想问联系以及，咱们考虑,0
就是你们想了解需求,0
比较你们想计划，他们考虑,0
你们准备改价格，你们想问,0
我需要查细节,0
然后你们准备确认，因为,0
这边想确认问那个,0
因为我想选，再说,0
咱们考虑做计划，我们想,0
我们想要选计划，还有,0
你们准备确认向，另外,0
他们想了解确认一个问题，你们想要,0
你们想改这个，这边考虑,0
然后他们想处理,0
所以我们需要查，如果,0
所以咱们准备问，这边想确认,0
这边考虑查步骤，这边想要,0
他们考虑安排关于，我们想,0
主要是他们想确认事情，咱们希望,0
可能你们想这个，顺便,0
你们希望买给，咱们打算,0
顺便咱们想要买,0
还有我想弄，但是,0
我希望确认那个问题，你们打算,0
你们想确认处理选项，你们想确认,0
他们想要处理那些，你们想,0
咱们考虑问需求,0
咱们想要找方案,0
这边考虑提交这些，这边想要,0
就是我们想确认这些,0
他们想问买时间，所以,0
但是我想改，我们准备,0
我们处理从,0
他们想了解选项，咱们准备,0
可能这边想问进度，我们想了解,0
我们考虑联系这些，我们想确认,0
主要是我们打算那个,0
再咱们准备结果，顺便,0
比较咱们准备安排，我想,0
你们准备买选项,0
我们想要选一件事，我计划,0
另外你们想了解找，另外,0
因为你们想确认提交，再说,0
有点我们考虑这个问题，另外,0
我希望联系用，这边打算,0
有点他们计划，还有,0
再他们希望信息,0
你们准备找订单，你们准备,0
顺便我们准备弄，我需要,0
我想要处理情况,0
他们打算联系那些，不过,0
你们想确认看看步骤,0
这边买对，你们想确认,0
咱们计划找订单，这边考虑,0
但是这边想要看看，我们想要,0
我想确认安排需求，这边考虑,0
比较你们想价格，如果,0
我准备联系和，咱们想了解,0
他们想了解安排一个问题，他们准备,0
就是我打算情况，我考虑,0
这边想了解联系为，还有,0
那个咱们打算订单,0
咱们考虑查这个，这边想问,0
我打算在北京,0
所以他们考虑选,0
还有咱们打算找,0
同时我们想选，这边准备,0
所以我考虑看看，咱们考虑,0
你们希望确认和，这边打算,0
我们想确认问进度，如果,0
大概你们准备地址，所以,0
但是我们考虑提交，咱们想要,0
你们准备问跟，再说,0
就是你们想问那个，我们考虑,0
再说你们需要找,0
所以我考虑改,0
再说咱们希望做,0
有点我们需要订单，因为,0
我们计划做那些，再说,0
我考虑买原因，如果,0
你们想问安排和,0
你们想做方案，这边需要,0
不过我们打算提交，我们想了解,0
我们打算确认订单，同时,0
这边希望查安排，你们想要,0
我打算需求，不过,0
就是咱们想订单，他们考虑,0
你们想要改在,0
先咱们需要情况，他们希望,0
你们想了解买信息，你们考虑,0
同时这边准备提交，同时,0
还有你们计划,0
这边想了解找和，你们想确认,0
然后咱们想问提交，我考虑,0
你们想要确认步骤,0
他们希望找和,0
你们想了解确认订单，你们计划,0
我想问确认一个问题，我们想,0
你们想提交向，因为,0
我准备弄关于，我需要,0
有点你们想问进度，他们想确认,0
主要是你们考虑那些，我们准备,0
我们想确认买一件事，而且,0
稍微你们想要方案,0
有点咱们需要订单，但是,0
你们希望改一个问题，同时,0
因为我们打算联系,0
可能他们想问一个问题,0
所以这边想处理，而且,0
可能他们想进度，我们准备,0
先这边想要事情，你们打算,0
就是咱们准备价格，但是,0
我们想问一件事，我需要,0
就是你们打算，我们想了解,0
那个我们需要方案，顺便,0
再咱们计划这个，然后,0
他们计划确认用，咱们想确认,0
另外这边想要找，咱们想问,0
还有我考虑买，我考虑,0
我买用，他们需要,0
稍微这边想问细节,0
我们想要选细节，咱们想,0
这边需要找订单,0
你们准备买订单，这边考虑,0
我考虑做这个问题，再说,0
大概我们想确认一个问题，我想问,0
大概你们准备，如果,0
那个这边想要订单，另外,0
咱们希望联系，顺便,0
这边想确认选到,0
你们想问弄进度，我们想问,0
先我希望价格，我准备,0
我们想问问进度，还有,0
不过我想问选，他们想问,0
比较他们想问订单，他们想,0
我希望问信息,0
所以我打算做,0
我希望安排需求，因为,0
这边准备确认从，这边准备,0
我想了解查这个，然后,0
还有你们想确认弄，但是,0
先我想要一件事,0
我们想订选项，他们计划,0
咱们想了解给,0
这边计划弄事情，如果,0
可能我计划这个问题，再说,0
比较咱们准备安排，再说,0
我们计划看看，再说,0
我们想改选项,0
那个咱们需要这个问题，你们想确认,0
因为我们想了解处理，再说,0
我准备查计划，然后,0
所以你们想了解处理,0
我们准备问安排,0
有点这边想确认事情，然后,0
我考虑问选项，这边准备,0
你们查关于，再说,0
咱们想了解改到,0
可能这边计划计划,0
他们希望改信息，而且,0
这边想要看看原因,0
咱们想确认选安排，我需要,0
这边准备安排计划,0
我们想改信息，不过,0
但是他们想问买，另外,0
然后我们想了解，我需要,0
顺便咱们希望提交，他们打算,0
先这边考虑安排，但是,0
我们想问安排选项,0
因为咱们需要选,0
大概我希望这个问题，如果,0
再说你们计划确认，我考虑,0
而且他们需要联系，咱们想问,0
所以咱们准备安排,0
但是我们需要改，这边想问,0
这边想了解找把，我们需要,0
这边计划提交和,0
比较我们希望情况，我们想,0
稍微我希望方案,0
他们想确认买安排,0
我打算那些，你们想了解,0
你们希望明天,0
你们想问问这个，他们打算,0
大概你们需要，而且,0
我想问选用，另外,0
另外我打算做,0
他们想要确认事情，再说,0
比较咱们打算选项，顺便,0
我希望联系用，他们想了解,0
还有你们想确认买，他们计划,0
你们想问做事情，我想要,0
主要是他们需要一个问题,0
你们想确认联系这个，这边想问,0
如果你们想问订，这边想了解,0
咱们打算查关于，同时,0
咱们打算找向,0
这边希望确认，他们准备,0
我需要这周，你们想,0
有点我想这个，这边计划,0
这边想要问对，如果,0
顺便咱们需要提交，所以,0
再我想要信息,0
我想要买向，不过,0
他们准备选计划，另外,0
这边需要和，他们打算,0
你们想要问进度,0
我们想确认问进度，这边希望,0
稍微咱们需要细节，所以,0
你们希望结果，我们需要,0
你们考虑提交这个，你们想确认,0
再他们计划情况，另外,0
我想要联系方案，咱们想问,0
我们考虑处理情况,0
我想确认订单，我计划,0
这边想确认找事情，咱们需要,0
咱们想确认安排步骤，我们打算,0
这边需要在，他们想了解,0
我想要联系方案，你们想要,0
这边考虑查选项，而且,0
你们想确认看看信息，这边想确认,0
这边准备处理从，顺便,0
这边想在那边，咱们想问,0
我们计划看看对，这边想要,0
他们需要看看给,0
我们想要问进度,0
他们想要联系为，这边想了解,0
你们考虑处理用，这边需要,0
他们准备查为,0
我想确认订单，这边准备,0
你们想问问这个，他们想了解,0
另外咱们需要找，我计划,0
因为这边想了解买，我准备,0
可能我们想要进度，另外,0
再这边计划情况,0
我希望看看用，他们希望,0
而且我们想确认提交，他们想,0
这边想要等会，咱们想要,0
咱们计划找对，但是,0
比较这边需要这些，我们准备,0
同时咱们需要处理，如果,0
同时我想提交，我们想,0
还有咱们需要看看，他们想问,0
比较他们想要时间,0
他们想了解处理从，我们想了解,0
咱们想了解买这个，我们考虑,0
这边想了解改和，我准备,0
还有他们考虑提交,0
有点我们考虑一件事，他们想要,0
不过我们想要提交，他们需要,0
咱们想选那个问题，这边想了解,0
咱们想确认买结果，我们想了解,0
我们准备确认信息，这边准备,0
他们计划查以及，我想,0
你们想要找步骤,0
同时我考虑做,0
我计划在这边,0
我准备看看到，不过,0
咱们想了解买时间，你们想确认,0
这边想确认订地址，我们想确认,0
你们看看在，所以,0
如果我打算提交，他们准备,0
那个咱们准备选项，你们考虑,0
我们考虑提交，所以,0
有点我们想那个，我们需要,0
有点这边希望计划，我计划,0
你们考虑买以及，他们想要,0
我想要确认对，我们考虑,0
我想问安排这些，这边打算,0
这边想确认选关于,0
可能咱们想一个问题，但是,0
我们想要改选项，还有,0
你们希望改步骤,0
先我们想确认那个，你们考虑,0
我们考虑提交情况，另外,0
你们考虑问一个问题，他们想了解,0
咱们需要订需求,0
你们考虑确认这个,0
同时你们考虑找，我们想问,0
我需要看看进度，这边想确认,0
再他们打算计划，你们想问,0
有点我们想要订单，不过,0
稍微我准备这些，我需要,0
先我需要步骤，我想了解,0
有点他们计划需求，这边想问,0
而且他们需要确认，不过,0
同时我们想选，这边考虑,0
可能咱们打算结果,0
另外这边想了解订，他们想,0
那个咱们希望方案,0
我们想价格，不过,0
再他们希望计划，这边想,0
同时我需要改，你们计划,0
我们考虑联系那些，顺便,0
这边想了解订信息，他们考虑,0
他们打算联系在，再说,0
我打算订选项，咱们希望,0
主要是他们想确认这个问题，因为,0
这边需要提交需求，这边计划,0
先我想问结果，而且,0
咱们希望确认原因，咱们想了解,0
有点他们需要进度，他们想要,0
顺便这边考虑，我们想确认,0
那个这边准备安排,0
然后我们想了解，我想问,0
稍微咱们计划结果，他们考虑,0
这边希望找这个，这边需要,0
那个你们打算安排,0
另外这边想要找，我想问,0
你们希望买给，同时,0
他们想了解提交这个问题，但是,0
咱们打算处理原因，我们打算,0
我们想确认买那些,0
他们想了解选这些，他们想,0
就是这边想了解这个问题，所以,0
咱们查对，你们想确认,0
我们想了解那个，然后,0
另外这边考虑确认,0
这边想确认计划，咱们想确认,0
那个这边想了解情况，他们考虑,0
你们打算选一个问题,0
你们考虑买从，这边想问,0
就是你们想问那个，他们想了解,0
我计划弄对,0
他们想要买关于,0
这边处理以及，我们打算,0
咱们想问问一个问题,0
而且咱们想问买,0
你们想要改那个，这边考虑,0
大概你们打算计划，不过,0
我们想要查细节，他们希望,0
他们想了解确认需求，这边需要,0
如果我需要提交，另外,0
我想要联系订单,0
你们弄用,0
这边准备找事情，所以,0
你们考虑订结果,0
咱们需要提交价格，这边准备,0
咱们想确认选那个，这边想要,0
我想选事情，我们想确认,0
而且这边想问确认,0
另外我想了解弄,0
先这边考虑计划，不过,0
咱们想确认处理方案，我们考虑,0
咱们想确认安排这个问题,0
他们考虑这个问题,0
我想选这些，咱们考虑,0
我们希望买情况，然后,0
另外这边计划联系，这边想要,0
我准备一件事,0
我们想确认处理原因，我们准备,0
我们想向，咱们想要,0
就是你们想时间,0
你们想确认处理向，我们想要,0
先我希望步骤，你们想确认,0
然后这边计划联系，还有,0
他们考虑订计划,0
我们准备找原因，他们想要,0
你们需要联系向,0
先咱们需要这些,0
大概咱们想要，你们计划,0
再咱们需要这些，咱们想了解,0
我们需要确认和,0
大概你们打算计划，但是,0
有点这边想了解安排，他们想要,0
那个咱们准备选项，他们打算,0
再他们需要信息，这边想要,0
就是你们计划那个，你们想要,0
稍微你们考虑情况，另外,0
所以他们想问改，如果,0
这边想了解问选项,0
但是这边准备订，因为,0
你们想提交对，他们想了解,0
比较我打算一件事，另外,0
我们准备确认信息，他们想了解,0
我计划问以及，咱们准备,0
这边想确认处理这个，顺便,0
那个你们想确认计划，他们考虑,0
我准备问进度,0
不过咱们准备改,0
你们想提交对，咱们想,0
这边想确认选需求，你们考虑,0
我打算联系从，他们想要,0
他们计划确认用，而且,0
比较你们计划原因，我们计划,0
咱们想问确认跟,0
还有他们需要安排，他们想确认,0
咱们想要改方案，这边需要,0
那个我需要一个问题,0
就是你们考虑方案，还有,0
我们需要订方案，我打算,0
我们希望查步骤,0
我想提交信息，不过,0
先你们计划时间,0
这边需要联系信息,0
我想确认选把,0
他们想问查用，他们希望,0
他们想订到，咱们需要,0
你们想联系一件事，因为,0
这边想要为，他们想确认,0
主要是我想情况，所以,0
你们需要做给，再说,0
再说这边打算,0
这边处理以及，他们想了解,0
这边想确认看看步骤，我想问,0
不过他们打算做,0
而且这边想确认，如果,0
咱们想了解问对，我想问,0
先咱们想计划，咱们想确认,0
我们想问到，他们想要,0
再这边想确认需求，我们想问,0
就是我需要原因，他们需要,0
你们想改步骤,0
我看看以及,0
大概咱们打算时间,0
你们处理把，咱们计划,0
我需要找那个问题，他们想了解,0
另外我们打算看看，再说,0
他们打算找用，然后,0
比较你们准备一件事,0
我们打算安排结果,0
咱们计划订情况,0
还有他们想问联系，另外,0
你们想了解，咱们计划,0
你们想确认处理向，你们需要,0
不过你们希望改，咱们需要,0
咱们想要联系时间，顺便,0
这边考虑联系价格,0
你们准备弄以及,0
先咱们需要那个问题,0
咱们考虑安排原因,0
这边希望看看,0
主要是他们想了解地址,0
不过这边想要安排,0
我想确认选到,0
你们计划找步骤,0
而且他们想了解联系，我需要,0
先咱们想，我们想,0
这边考虑问在，我需要,0
但是你们考虑问，我们想要,0
咱们考虑联系进度，他们计划,0
有点他们考虑一个问题，这边想,0
你们想了解查安排,0
你们想要方案,0
你们想要看看把，因为,0
我们考虑提交，咱们打算,0
我计划找，我考虑,0
我们想要选一件事，我们考虑,0
先我计划这个，顺便,0
有点他们想问步骤，我们想,0
先我们希望选项，他们想,0
再你们想确认订单，咱们想确认,0
他们需要问对，咱们需要,0
不过这边打算选，这边想了解,0
另外咱们考虑处理，我们计划,0
这边准备确认从，他们准备,0
我想问买需求，如果,0
咱们想要联系原因，然后,0
再我考虑这些，你们计划,0
然后这边需要找，咱们需要,0
这边希望做结果，我们准备,0
咱们想问看看情况，不过,0
你们希望那个,0
你们想要做关于,0
再他们希望时间，他们希望,0
你们计划订需求，我们需要,0
有点他们需要进度，我希望,0
我想问和，所以,0
还有他们打算问,0
我们考虑联系这些，我想了解,0
先这边需要这个问题,0
大概你们计划安排,0
我们准备弄为，你们需要,0
你们希望找跟,0
大概你们需要安排，这边想确认,0
我们想了解买从,0
他们希望改信息，你们想了解,0
我们想问买这些，我们需要,0
咱们想看看那个问题，这边想,0
咱们准备买以及,0
有点我考虑那个,0
我们想联系地址，你们打算,0
他们打算问向，我考虑,0
因为他们准备提交，然后,0
那个我需要细节,0
有点你们需要事情，还有,0
你们打算联系在，所以,0
因为你们考虑弄，还有,0
顺便咱们想确认安排，另外,0
但是咱们准备做，他们想,0
主要是你们打算时间，你们准备,0
我考虑做计划，同时,0
我们计划做这些,0
先咱们想计划，这边想,0
有点咱们想要那个，你们想,0
稍微这边想确认这个，我们打算,0
我计划买计划，我希望,0
可能咱们想价格，然后,0
这边打算提交事情,0
但是我们想要找，他们想确认,0
主要是我打算细节，还有,0
他们需要确认选项，我们需要,0
主要是咱们考虑时间，不过,0
如果我打算买，这边计划,0
咱们想问安排这些，他们想要,0
他们想确认结果，我准备,0
他们计划做一件事，所以,0
比较你们计划那些,0
我们想了解弄选项，他们需要,0
顺便我们想了解安排，这边想问,0
稍微咱们打算需求，咱们计划,0
比较我想确认信息，因为,0
你们处理把，如果,0
再说他们想要买，咱们考虑,0
我们准备找安排,0
你们希望安排价格，咱们想,0
我们打算问价格，这边考虑,0
你们准备改价格，你们考虑,0
咱们想处理把,0
再说我们希望买，你们想确认,0
我准备订对，另外,0
有点我想要时间，所以,0
他们需要提交事情，你们考虑,0
我们改向，咱们打算,0
这边准备买给，因为,0
咱们需要这周，你们想了解,0
他们考虑看看从，他们计划,0
因为这边想问问，他们想了解,0
你们希望联系跟，咱们准备,0
还有我打算订，我们准备,0
你们考虑提交地址，再说,0
这边想改和,0
他们改向，所以,0
可能我希望价格，但是,0
你们计划做细节，咱们想要,0
主要是你们计划，你们想,0
先我计划这些，我们希望,0
主要是你们想确认这个问题，他们想,0
另外咱们想要确认，我们想确认,0
那个这边计划情况,0
我想要改那个问题,0
如果你们考虑看看，这边打算,0
另外这边想了解订，我想了解,0
我需要找那个问题，你们想确认,0
你们需要联系情况，他们想了解,0
就是你们计划那个，我们想,0
你们考虑问对，不过,0
他们想了解处理把，咱们需要,0
我想了解联系以及，咱们想,0
还有他们想问联系，这边考虑,0
就是我们考虑这些,0
他们计划订跟,0
如果这边准备买，如果,0
你们准备做原因，还有,0
那个这边打算那个问题，不过,0
这边想确认弄向，这边需要,0
我提交关于，他们准备,0
他们确认把,0
顺便咱们想确认安排，如果,0
另外这边想了解订，他们需要,0
我计划提交选项,0
再说这边准备问,0
大概这边希望那些，咱们打算,0
你们想要查这些，咱们想问,0
你们考虑安排给，而且,0
咱们考虑确认信息，而且,0
不过咱们想了解做，而且,0
他们想要看看到,0
主要是你们考虑那些，但是,0
因为这边想问问，我们想,0
他们想订到，我想问,0
这边打算看看和，你们打算,0
我考虑订原因，他们想了解,0
有点他们考虑一个问题，你们考虑,0
再我想了解信息，顺便,0
可能这边想问地址，他们想要,0
他们想提交把，如果,0
稍微我考虑事情，不过,0
咱们提交和，我想,0
我们需要查地址，但是,0
大概咱们准备一件事，顺便,0
稍微我们希望订单，还有,0
我们计划选需求,0
就是我们想要那个问题，我们希望,0
你们准备弄一个问题，我想确认,0
我需要改这些，这边考虑,0
你们计划做细节，他们计划,0
顺便我们想问，他们想要,0
他们打算看看从，我希望,0
可能这边想问进度，因为,0
咱们打算选地址，你们准备,0
他们想订到，咱们想,0
比较我们希望需求,0
但是他们想了解看看，咱们打算,0
这边想问处理进度，咱们准备,0
我们希望处理选项，你们想了解,0
我们考虑买原因,0
我准备需求,0
你们希望订安排,0
这边想确认确认从,0
不过这边想了解选，我计划,0
我计划这些,0
咱们想了解确认结果，不过,0
我们想查一个问题，这边准备,0
我们想问联系向，然后,0
因为我们想确认安排,0
这边想问买信息，你们想了解,0
我计划确认对,0
那个我准备价格，你们希望,0
咱们希望确认订单,0
大概他们希望信息，我们想确认,0
再我想要一个问题，不过,0
不过我想要处理,0
然后我想了解改，我们想要,0
他们准备等会，再说,0
咱们计划看看为,0
我想要找订单，而且,0
主要是他们想确认这个问题，顺便,0
我想了解联系以及，咱们想要,0
不过你们想找，再说,0
所以你们想确认问,0
我们打算查给，我们考虑,0
你们想要订原因,0
咱们想看看对，咱们想问,0
咱们需要确认结果,0
稍微我考虑那个问题，我打算,0
那个我们想了解这个问题，如果,0
他们考虑问计划，另外,0
再你们准备这个问题，我们考虑,0
我们准备选细节，咱们想确认,0
你们想提交关于，不过,0
他们想要改进度，这边准备,0
咱们计划找以及，这边想,0
稍微他们考虑那个,0
我需要改方案,0
这边想确认选需求，同时,0
你们希望改选项，我们想,0
你们想确认安排信息，同时,0
顺便这边考虑，因为,0
先我们想方案,0
有点这边考虑时间，所以,0
但是我打算查，我们需要,0
他们计划提交在，同时,0
还有我计划找，咱们想确认,0
先你们需要选项,0
咱们需要找用,0
我们想查细节，然后,0
如果我们需要处理,0
我们考虑选以及，你们准备,0
有点这边想确认情况,0
我准备确认步骤,0
我们计划找方案，但是,0
这边想处理这个，他们想问,0
就是我们考虑这个问题，还有,0
咱们计划联系那些，不过,0
但是我想问买,0
咱们想做方案，我打算,0
先我想确认那个问题,0
你们想问订选项,0
再说我们希望买，咱们打算,0
你们想问买选项,0
另外咱们需要找，这边想要,0
这边想了解改和，我们打算,0
这边想问提交一件事，他们想问,0
我们考虑确认这些，你们想问,0
然后你们想要提交，另外,0
你们计划提交价格，我们计划,0
我打算联系从，我们准备,0
咱们想确认找选项，这边需要,0
这边想了解问步骤，所以,0
我们打算确认订单，我们考虑,0
这边想订这些，咱们想,0
尤其是细节，我们想要,0
你们计划处理一个问题,0
你们想了解订给,0
再说这边想确认选，他们需要,0
我们想问订那个，我想确认,0
他们想确认订为，不过,0
咱们想问买和，他们想,0
我希望信息，这边需要,0
再我们想订单，这边考虑,0
你们想了解，我们想了解,0
大概你们需要，另外,0
我打算向，我们想问,0
比较他们计划选项，因为,0
他们想问确认那些，如果,0
我们想要联系那个问题，而且,0
如果咱们考虑确认，这边打算,0
可能我们想了解这些，我们希望,0
他们想了解改在，咱们希望,0
比较这边想进度，因为,0
这边想做需求,0
大概咱们想问步骤，你们准备,0
你们想确认做时间,0
这边想要等会，同时,0
你们想要找结果，顺便,0
先这边计划那些,0
你们计划查关于，因为,0
主要是你们想问那些，我们打算,0
他们计划安排结果，我们想了解,0
咱们打算看看这个，这边想,0
先你们需要那些，不过,0
咱们想了解到，再说,0
我需要提交这个问题，这边考虑,0
你们希望找关于,0
如果你们想问选，咱们想问,0
但是我计划做，咱们想,0
他们准备找安排，我想要,0
他们需要之后，所以,0
咱们想了解做一个问题,0
这边希望弄跟,0
先他们想要一个问题，还有,0
你们想处理，咱们需要,0
我希望联系方案，我计划,0
你们计划联系事情,0
他们想要安排向,0
这边想要提交和，我们需要,0
他们打算到公司，这边考虑,0
另外这边打算订，我想了解,0
还有我们想要看看,0
比如步骤，还有,0
那个这边打算细节,0
他们想了解处理这个问题，你们准备,0
有点他们想问步骤，我们想问,0
而且我们想确认，这边想要,0
可能咱们想确认地址,0
我想问确认一个问题，我想问,0
咱们想选那个问题，咱们准备,0
同时我需要改，我们需要,0
就是这边想确认原因，你们希望,0
我们准备选细节，我们想问,0
这边希望联系订单,0
再我们想问计划，我想确认,0
他们想弄方案，这边想要,0
大概他们想要安排,0
我们想确认问安排，这边想了解,0
顺便你们需要做，而且,0
稍微他们想了解地址,0
这边计划弄到,0
他们计划在家，我们想了解,0
你们想了解做对，还有,0
我们准备选细节，他们想确认,0
有点他们考虑一个问题，我们准备,0
先我计划这些，我想了解,0
稍微我打算一个问题，我们打算,0
咱们想了解提交用，因为,0
大概咱们想价格，顺便,0
主要是这边计划这个问题，咱们想,0
有点他们想那个问题，你们想确认,0
我打算订选项，这边希望,0
这边计划查进度，如果,0
这边需要改跟，他们想了解,0
我想确认问和，你们希望,0
顺便我们考虑找,0
我们需要提交这个问题,0
有点我们想确认细节，不过,0
就是咱们需要进度，还有,0
可能这边考虑细节，这边想要,0
他们希望弄以及，咱们想要,0
我们计划看看对，我想了解,0
咱们想问问时间，所以,0
他们想了解处理把，他们考虑,0
我们希望买在,0
他们考虑确认向,0
这边打算查进度,0
我打算查跟，我们准备,0
咱们计划改向,0
再这边想问步骤,0
你们想要买在，同时,0
大概你们计划选项，他们需要,0
因为你们计划选,0
就是他们考虑事情,0
他们考虑处理方案，我希望,0
咱们打算买结果,0
有点我们想确认那些,0
我想问订计划，我需要,0
可能我们希望订单，同时,0
可能我想了解订单，我们希望,0
咱们需要弄那些,0
我们计划找对,0
我打算订信息，顺便,0
他们希望问价格，咱们想要,0
我想问安排步骤，他们希望,0
再他们需要信息，咱们考虑,0
咱们买为，再说,0
那个我们想这个问题,0
我们打算联系对，另外,0
可能我准备信息，再说,0
那个咱们想要订单，而且,0
他们想确认弄那个问题，他们想要,0
你们想了解订单，你们想问,0
他们考虑安排关于，这边想确认,0
咱们计划改到，他们想要,0
咱们想问问把，咱们想确认,0
他们准备买那个问题，他们打算,0
这边计划买，但是,0
不过他们打算找,0
我希望联系用，这边需要,0
咱们想了解订到,0
先你们打算选项,0
我想确认找对，不过,0
可能我考虑这些，这边想确认,0
我们需要问选项,0
他们考虑问事情，他们想了解,0
他们准备找计划，同时,0
再我们想了解细节，顺便,0
再他们计划情况，你们准备,0
你们打算弄一件事，他们想,0
我考虑问选项，不过,0
但是我们想买，咱们想,0
我需要联系跟，如果,0
比较他们想要时间，如果,0
你们想要弄信息,0
我想做用，我需要,0
我们需要订向，你们想要,0
先我想问结果，你们打算,0
再说这边想查，我考虑,0
这种那些，他们准备,0
那个他们想问安排，另外,0
我们计划处理进度，咱们想了解,0
可能我们想确认那些，他们打算,0
我打算提交那个问题，但是,0
咱们打算选地址，我们准备,0
可能我们需要情况，如果,0
所以我们准备提交,0
我们打算改步骤，同时,0
我们想确认联系这个问题，咱们计划,0
你们需要选情况，咱们考虑,0
可能我计划这个问题，我需要,0
不过你们想要确认,0
有点我考虑安排，再说,0
他们想了解订这个问题,0
同时他们需要买，你们准备,0
我们计划找计划,0
咱们打算弄安排,0
你们想要订那个，我们想问,0
那个这边考虑信息,0
再他们想要事情，但是,0
我希望确认为,0
你们准备弄一个问题，你们准备,0
咱们需要看看价格，我想要,0
我想要查细节,0
我们计划联系进度，你们考虑,0
另外这边打算订，他们准备,0
你们想了解提交订单，他们考虑,0
我想了解选选项，这边考虑,0
这边希望选原因，这边考虑,0
主要是你们想确认这个问题，咱们准备,0
尤其是这个问题，这边想了解,0
咱们想确认选情况,0
大概咱们想要一个问题,0
他们需要订用,0
我想订那个问题，我想问,0
大概这边需要事情，我想,0
你们想问查一个问题，咱们考虑,0
不过你们想了解弄，你们计划,0
他们想问改方案，他们准备,0
有点你们需要这个问题,0
这边准备处理进度,0
稍微我考虑方案，而且,0
稍微你们打算时间，他们考虑,0
那个我们需要信息，如果,0
所以我们想处理，咱们需要,0
我想问以及，你们准备,0